outfit_id,product_name,brand,outfit_type,color,season,occasion,body_type,skin_tone,style_tag,price_inr,rating,num_reviews
1,Coral Embroidered A-Line Kurta,Van Heusen Woman,kurta,Coral,spring,casual,pear,warm,ethnic_casual,1000,4.5,4517
2,Rust Solid Regular Kurta,Biba,kurta,Rust,all,casual,pear,warm,ethnic_casual,500,3.6,1955
3,Olive Printed Straight Kurta,HRX,kurta,Olive,all,casual,pear,warm,ethnic_casual,1200,4.5,4514
4,Emerald Block Print Kurta,Allen Solly Woman,kurta,Emerald,autumn,casual,pear,cool,ethnic_casual,400,4.6,1357
5,Turquoise Floral Print Kurta,Allen Solly Woman,kurta,Turquoise,autumn,casual,pear,cool,ethnic_casual,1000,3.8,2807
6,Cobalt Solid Regular Kurta,Anita Dongre,kurta,Cobalt,summer,casual,pear,cool,ethnic_casual,1900,4.7,4995
7,Slate Grey Mirror Work Kurta,Vero Moda,kurta,Slate Grey,summer,casual,pear,cool,ethnic_casual,900,4.9,3150
8,Cobalt Floral Print Kurta,Aurelia,kurta,Cobalt,all,casual,pear,cool,ethnic_casual,1900,4.3,619
9,Royal Blue Floral Print Kurta,W,kurta,Royal Blue,summer,casual,pear,cool,ethnic_casual,1400,4.7,3163
10,Nude Embroidered A-Line Kurta,H&M,kurta,Nude,spring,casual,pear,neutral,ethnic_casual,1900,3.8,2237
11,Pearl Block Print Kurta,Aurelia,kurta,Pearl,summer,casual,pear,neutral,ethnic_casual,1100,4.2,2055
12,Ivory Solid Regular Kurta,Allen Solly Woman,kurta,Ivory,autumn,casual,pear,neutral,ethnic_casual,1300,4.5,508
13,Cream Floral Print Kurta,Mango,kurta,Cream,summer,casual,pear,neutral,ethnic_casual,1500,3.6,4696
14,Pearl Embroidered A-Line Kurta,Aurelia,kurta,Pearl,spring,casual,pear,neutral,ethnic_casual,2400,4.1,3808
15,Burnt Orange Embroidered A-Line Kurta,Ethnic Motif,kurta,Burnt Orange,summer,casual,apple,warm,ethnic_casual,1500,4.5,3559
16,Gold Floral Print Kurta,Van Heusen Woman,kurta,Gold,autumn,casual,apple,warm,ethnic_casual,1000,4.2,794
17,Brick Red Printed Straight Kurta,FabIndia,kurta,Brick Red,summer,casual,apple,warm,ethnic_casual,1100,4.6,3508
18,Gold Solid Regular Kurta,Mango,kurta,Gold,summer,casual,apple,warm,ethnic_casual,2300,4.2,4582
19,Lilac Mirror Work Kurta,HRX,kurta,Lilac,summer,casual,apple,cool,ethnic_casual,1500,4.6,2836
20,Cobalt Solid Regular Kurta,Global Desi,kurta,Cobalt,spring,casual,apple,cool,ethnic_casual,2300,3.5,2207
21,Sage Green Block Print Kurta,Anita Dongre,kurta,Sage Green,summer,casual,apple,cool,ethnic_casual,1600,4.7,4208
22,Ivory Embroidered A-Line Kurta,HRX,kurta,Ivory,spring,casual,apple,neutral,ethnic_casual,400,4.3,4052
23,White Floral Print Kurta,Max Fashion,kurta,White,summer,casual,apple,neutral,ethnic_casual,1400,3.6,4697
24,Black Mirror Work Kurta,Only,kurta,Black,summer,casual,apple,neutral,ethnic_casual,700,4.9,4413
25,Silver Embroidered A-Line Kurta,Rangmanch,kurta,Silver,summer,casual,apple,neutral,ethnic_casual,2300,4.8,1402
26,Olive Solid Regular Kurta,AND,kurta,Olive,all,casual,rectangle,warm,ethnic_casual,1200,4.5,3318
27,Burgundy Solid Regular Kurta,Roadster,kurta,Burgundy,spring,casual,rectangle,warm,ethnic_casual,2200,3.7,1890
28,Rust Printed Straight Kurta,Puma,kurta,Rust,spring,casual,rectangle,warm,ethnic_casual,1300,4.3,108
29,Rust Embroidered A-Line Kurta,W,kurta,Rust,summer,casual,rectangle,warm,ethnic_casual,500,4.7,630
30,Olive Floral Print Kurta,Rangmanch,kurta,Olive,summer,casual,rectangle,warm,ethnic_casual,2400,3.8,1133
31,Emerald Solid Regular Kurta,AND,kurta,Emerald,autumn,casual,rectangle,cool,ethnic_casual,800,3.6,3581
32,Lavender Solid Regular Kurta,Vero Moda,kurta,Lavender,autumn,casual,rectangle,cool,ethnic_casual,600,4.4,856
33,Royal Blue Mirror Work Kurta,Zara,kurta,Royal Blue,autumn,casual,rectangle,cool,ethnic_casual,800,3.8,1608
34,Sage Green Embroidered A-Line Kurta,Forever 21,kurta,Sage Green,autumn,casual,rectangle,cool,ethnic_casual,1200,3.9,2096
35,Ink Blue Solid Regular Kurta,HRX,kurta,Ink Blue,summer,casual,rectangle,cool,ethnic_casual,800,3.6,4478
36,Ink Blue Printed Straight Kurta,Janasya,kurta,Ink Blue,summer,casual,rectangle,cool,ethnic_casual,1400,3.7,4028
37,Cream Printed Straight Kurta,Global Desi,kurta,Cream,autumn,casual,rectangle,neutral,ethnic_casual,2000,3.5,3248
38,Off-White Floral Print Kurta,Forever 21,kurta,Off-White,autumn,casual,rectangle,neutral,ethnic_casual,2400,3.7,2480
39,Cream Block Print Kurta,Ethnic Motif,kurta,Cream,summer,casual,rectangle,neutral,ethnic_casual,600,4.5,518
40,White Solid Regular Kurta,Roadster,kurta,White,all,casual,rectangle,neutral,ethnic_casual,1000,3.6,4210
41,Black Printed Straight Kurta,Nike,kurta,Black,summer,casual,rectangle,neutral,ethnic_casual,700,4.4,1976
42,Dark Grey Block Print Kurta,Van Heusen Woman,kurta,Dark Grey,summer,casual,rectangle,neutral,ethnic_casual,600,4.4,3484
43,Burnt Orange Mirror Work Kurta,Indya,kurta,Burnt Orange,summer,casual,hourglass,warm,ethnic_casual,1700,3.8,3292
44,Mustard Solid Regular Kurta,Zara,kurta,Mustard,spring,casual,hourglass,warm,ethnic_casual,700,3.5,4662
45,Rust Block Print Kurta,AND,kurta,Rust,summer,casual,hourglass,warm,ethnic_casual,2500,3.9,2909
46,Rust Floral Print Kurta,Max Fashion,kurta,Rust,summer,casual,hourglass,warm,ethnic_casual,1000,4.1,4500
47,Warm Beige Block Print Kurta,Aurelia,kurta,Warm Beige,spring,casual,hourglass,warm,ethnic_casual,400,4.4,4593
48,Lilac Embroidered A-Line Kurta,Allen Solly Woman,kurta,Lilac,summer,casual,hourglass,cool,ethnic_casual,900,4.7,4582
49,Teal Floral Print Kurta,Nike,kurta,Teal,spring,casual,hourglass,cool,ethnic_casual,1300,4.5,1717
50,Lilac Block Print Kurta,Only,kurta,Lilac,spring,casual,hourglass,cool,ethnic_casual,1400,4.8,466
51,Cobalt Floral Print Kurta,Biba,kurta,Cobalt,autumn,casual,hourglass,cool,ethnic_casual,400,4.0,1121
52,Lilac Embroidered A-Line Kurta,Ethnic Motif,kurta,Lilac,spring,casual,hourglass,cool,ethnic_casual,2200,4.3,3553
53,Black Mirror Work Kurta,FabIndia,kurta,Black,summer,casual,hourglass,neutral,ethnic_casual,500,4.7,4821
54,Champagne Solid Regular Kurta,FabIndia,kurta,Champagne,summer,casual,hourglass,neutral,ethnic_casual,600,3.9,376
55,Light Grey Mirror Work Kurta,Van Heusen Woman,kurta,Light Grey,summer,casual,hourglass,neutral,ethnic_casual,800,4.0,4636
56,Gold Embroidered A-Line Kurta,Global Desi,kurta,Gold,summer,formal,pear,warm,ethnic_formal,1100,4.7,253
57,Mustard Solid Regular Kurta,Rangmanch,kurta,Mustard,spring,formal,pear,warm,ethnic_formal,1400,3.9,935
58,Peach Solid Regular Kurta,Van Heusen Woman,kurta,Peach,summer,formal,pear,warm,ethnic_formal,1200,4.6,3820
59,Camel Embroidered A-Line Kurta,Van Heusen Woman,kurta,Camel,spring,formal,pear,warm,ethnic_formal,500,4.4,3314
60,Camel Printed Straight Kurta,Janasya,kurta,Camel,spring,formal,pear,warm,ethnic_formal,1500,4.0,4223
61,Peach Floral Print Kurta,Libas,kurta,Peach,all,formal,pear,warm,ethnic_formal,900,4.7,2189
62,Dusty Rose Printed Straight Kurta,Anita Dongre,kurta,Dusty Rose,spring,formal,pear,cool,ethnic_formal,2200,4.0,2619
63,Powder Blue Block Print Kurta,Anita Dongre,kurta,Powder Blue,all,formal,pear,cool,ethnic_formal,2000,4.8,1607
64,Slate Grey Mirror Work Kurta,Forever 21,kurta,Slate Grey,summer,formal,pear,cool,ethnic_formal,400,4.2,4460
65,Lilac Floral Print Kurta,Forever 21,kurta,Lilac,summer,formal,pear,cool,ethnic_formal,700,4.8,2754
66,Ecru Mirror Work Kurta,Max Fashion,kurta,Ecru,summer,formal,pear,neutral,western_casual,2500,3.9,3395
67,Light Grey Mirror Work Kurta,Max Fashion,kurta,Light Grey,autumn,formal,pear,neutral,western_casual,900,3.8,3155
68,Ecru Block Print Kurta,Puma,kurta,Ecru,summer,formal,pear,neutral,western_casual,1600,4.1,53
69,Off-White Embroidered A-Line Kurta,Forever 21,kurta,Off-White,spring,formal,pear,neutral,western_casual,1700,4.2,3672
70,Ecru Block Print Kurta,Only,kurta,Ecru,summer,formal,pear,neutral,western_casual,1100,4.4,2374
71,Rust Mirror Work Kurta,Max Fashion,kurta,Rust,summer,formal,apple,warm,ethnic_formal,1300,4.6,1257
72,Coral Embroidered A-Line Kurta,Only,kurta,Coral,summer,formal,apple,warm,ethnic_formal,700,4.1,4765
73,Terracotta Solid Regular Kurta,Mango,kurta,Terracotta,autumn,formal,apple,warm,ethnic_formal,1400,3.7,95
74,Brick Red Solid Regular Kurta,Van Heusen Woman,kurta,Brick Red,summer,formal,apple,warm,ethnic_formal,1100,4.6,4293
75,Tomato Red Block Print Kurta,Van Heusen Woman,kurta,Tomato Red,summer,formal,apple,warm,ethnic_formal,900,4.1,3856
76,Charcoal Block Print Kurta,Ethnic Motif,kurta,Charcoal,autumn,formal,apple,cool,ethnic_formal,2500,4.1,4538
77,Midnight Navy Mirror Work Kurta,Only,kurta,Midnight Navy,summer,formal,apple,cool,ethnic_formal,2200,3.9,2075
78,Ink Blue Block Print Kurta,Only,kurta,Ink Blue,spring,formal,apple,cool,ethnic_formal,1400,3.9,684
79,Turquoise Embroidered A-Line Kurta,Allen Solly Woman,kurta,Turquoise,spring,formal,apple,cool,ethnic_formal,1800,3.9,4474
80,Cobalt Embroidered A-Line Kurta,Van Heusen Woman,kurta,Cobalt,summer,formal,apple,cool,ethnic_formal,2000,4.5,1802
81,Dark Grey Floral Print Kurta,HRX,kurta,Dark Grey,autumn,formal,apple,neutral,western_casual,2300,4.1,1744
82,Khaki Solid Regular Kurta,Janasya,kurta,Khaki,autumn,formal,apple,neutral,western_casual,500,4.7,4766
83,Dark Grey Printed Straight Kurta,H&M,kurta,Dark Grey,autumn,formal,apple,neutral,western_casual,1600,4.6,3482
84,Tomato Red Floral Print Kurta,Forever 21,kurta,Tomato Red,summer,formal,rectangle,warm,ethnic_formal,2400,3.5,2803
85,Burgundy Mirror Work Kurta,Global Desi,kurta,Burgundy,autumn,formal,rectangle,warm,ethnic_formal,2300,4.8,4425
86,Coral Block Print Kurta,Puma,kurta,Coral,autumn,formal,rectangle,warm,ethnic_formal,500,3.6,3561
87,Mustard Embroidered A-Line Kurta,Biba,kurta,Mustard,autumn,formal,rectangle,warm,ethnic_formal,1500,4.0,1783
88,Lavender Solid Regular Kurta,Allen Solly Woman,kurta,Lavender,spring,formal,rectangle,cool,ethnic_formal,2100,3.9,720
89,Midnight Navy Mirror Work Kurta,HRX,kurta,Midnight Navy,summer,formal,rectangle,cool,ethnic_formal,600,4.9,2916
90,Emerald Mirror Work Kurta,Biba,kurta,Emerald,summer,formal,rectangle,cool,ethnic_formal,500,4.8,1683
91,Ink Blue Block Print Kurta,FabIndia,kurta,Ink Blue,summer,formal,rectangle,cool,ethnic_formal,1400,3.7,987
92,Dusty Rose Solid Regular Kurta,Indya,kurta,Dusty Rose,summer,formal,rectangle,cool,ethnic_formal,1400,4.6,1424
93,Dusty Rose Mirror Work Kurta,Indya,kurta,Dusty Rose,all,formal,rectangle,cool,ethnic_formal,900,4.6,1391
94,Black Printed Straight Kurta,Max Fashion,kurta,Black,all,formal,rectangle,neutral,western_casual,1900,4.1,1674
95,Black Mirror Work Kurta,Aurelia,kurta,Black,all,formal,rectangle,neutral,western_casual,1400,3.6,2520
96,Khaki Printed Straight Kurta,Puma,kurta,Khaki,all,formal,rectangle,neutral,western_casual,600,4.0,3559
97,Ecru Printed Straight Kurta,Roadster,kurta,Ecru,spring,formal,rectangle,neutral,western_casual,1800,3.5,3491
98,Khaki Printed Straight Kurta,Forever 21,kurta,Khaki,autumn,formal,rectangle,neutral,western_casual,1900,4.4,3816
99,Peach Mirror Work Kurta,Roadster,kurta,Peach,summer,formal,hourglass,warm,ethnic_formal,1500,4.4,4458
100,Brick Red Solid Regular Kurta,Forever 21,kurta,Brick Red,autumn,formal,hourglass,warm,ethnic_formal,1500,4.0,2061
101,Saffron Floral Print Kurta,Vero Moda,kurta,Saffron,summer,formal,hourglass,warm,ethnic_formal,1400,4.6,4718
102,Gold Floral Print Kurta,Libas,kurta,Gold,autumn,formal,hourglass,warm,ethnic_formal,2400,4.7,1539
103,Emerald Floral Print Kurta,Zara,kurta,Emerald,spring,formal,hourglass,cool,ethnic_formal,1500,4.7,2313
104,Sage Green Block Print Kurta,AND,kurta,Sage Green,summer,formal,hourglass,cool,ethnic_formal,800,3.8,3379
105,Midnight Navy Embroidered A-Line Kurta,Indya,kurta,Midnight Navy,all,formal,hourglass,cool,ethnic_formal,2400,4.4,4070
106,Midnight Navy Printed Straight Kurta,Max Fashion,kurta,Midnight Navy,summer,formal,hourglass,cool,ethnic_formal,1300,4.1,2043
107,Slate Grey Floral Print Kurta,Only,kurta,Slate Grey,all,formal,hourglass,cool,ethnic_formal,1800,4.1,4558
108,Lavender Mirror Work Kurta,Vero Moda,kurta,Lavender,spring,formal,hourglass,cool,ethnic_formal,1500,3.9,1938
109,Pearl Floral Print Kurta,Anita Dongre,kurta,Pearl,summer,formal,hourglass,neutral,western_casual,1200,3.8,4016
110,Off-White Block Print Kurta,Nike,kurta,Off-White,all,formal,hourglass,neutral,western_casual,1600,4.9,1640
111,Off-White Floral Print Kurta,Global Desi,kurta,Off-White,summer,formal,hourglass,neutral,western_casual,1600,3.5,4425
112,Burnt Orange Silk Saree with Blouse,HRX,saree,Burnt Orange,all,formal,hourglass,warm,traditional,3200,4.5,1084
113,Burgundy Silk Saree with Blouse,Libas,saree,Burgundy,winter,formal,hourglass,warm,traditional,5500,3.9,3971
114,Tomato Red Georgette Saree,Biba,saree,Tomato Red,autumn,formal,hourglass,warm,traditional,2900,4.8,3963
115,Rust Banarasi Silk Saree,Only,saree,Rust,all,formal,hourglass,warm,traditional,1400,4.3,489
116,Ivory Chiffon Printed Saree,W,saree,Ivory,all,formal,hourglass,neutral,traditional,2800,3.7,3459
117,Stone Cotton Handloom Saree,Van Heusen Woman,saree,Stone,all,formal,hourglass,neutral,traditional,7200,4.2,3740
118,Nude Cotton Handloom Saree,Forever 21,saree,Nude,autumn,formal,hourglass,neutral,traditional,3300,4.3,543
119,Stone Georgette Saree,Aurelia,saree,Stone,all,formal,hourglass,neutral,traditional,2500,3.9,715
120,Terracotta Cotton Handloom Saree,W,saree,Terracotta,winter,formal,pear,warm,traditional,2100,3.5,3740
121,Warm Beige Banarasi Silk Saree,Max Fashion,saree,Warm Beige,all,formal,pear,warm,traditional,1100,3.8,2366
122,Warm Beige Silk Saree with Blouse,Rangmanch,saree,Warm Beige,winter,formal,pear,warm,traditional,2700,4.8,4881
123,Burgundy Banarasi Silk Saree,Anita Dongre,saree,Burgundy,winter,formal,pear,warm,traditional,5300,3.8,1270
124,Khaki Silk Saree with Blouse,Biba,saree,Khaki,winter,formal,pear,neutral,traditional,2200,4.6,4924
125,Pearl Chiffon Printed Saree,Vero Moda,saree,Pearl,all,formal,pear,neutral,traditional,1800,4.2,2541
126,Pearl Chiffon Printed Saree,Roadster,saree,Pearl,winter,formal,pear,neutral,traditional,5200,4.2,708
127,Stone Banarasi Silk Saree,Ethnic Motif,saree,Stone,all,formal,pear,neutral,traditional,3400,4.3,261
128,Black Cotton Handloom Saree,Puma,saree,Black,winter,formal,pear,neutral,traditional,1000,4.9,2257
129,Brick Red Banarasi Silk Saree,Roadster,saree,Brick Red,winter,party,hourglass,warm,festive,6100,4.1,2328
130,Mustard Banarasi Silk Saree,Aurelia,saree,Mustard,all,party,hourglass,warm,festive,7500,4.2,797
131,Tomato Red Banarasi Silk Saree,Zara,saree,Tomato Red,autumn,party,hourglass,warm,festive,3400,4.4,1367
132,Dark Grey Chiffon Printed Saree,Rangmanch,saree,Dark Grey,winter,party,hourglass,neutral,western_casual,4100,4.6,4556
133,White Silk Saree with Blouse,Zara,saree,White,winter,party,hourglass,neutral,western_casual,2900,4.0,3361
134,Khaki Silk Saree with Blouse,Rangmanch,saree,Khaki,all,party,hourglass,neutral,western_casual,7900,4.3,3435
135,White Cotton Handloom Saree,H&M,saree,White,winter,party,hourglass,neutral,western_casual,5900,4.6,3671
136,Silver Georgette Saree,Allen Solly Woman,saree,Silver,all,party,hourglass,neutral,western_casual,5300,3.7,2409
137,Warm Beige Silk Saree with Blouse,Libas,saree,Warm Beige,winter,party,pear,warm,festive,6000,4.4,2010
138,Warm Beige Chiffon Printed Saree,HRX,saree,Warm Beige,winter,party,pear,warm,festive,900,4.3,813
139,Terracotta Banarasi Silk Saree,Anita Dongre,saree,Terracotta,all,party,pear,warm,festive,6100,4.7,4132
140,Warm Beige Cotton Handloom Saree,Indya,saree,Warm Beige,autumn,party,pear,warm,festive,3000,4.1,4002
141,Tomato Red Banarasi Silk Saree,HRX,saree,Tomato Red,winter,party,pear,warm,festive,2000,4.0,4960
142,Olive Silk Saree with Blouse,Allen Solly Woman,saree,Olive,winter,party,pear,warm,festive,7100,4.6,3449
143,Silver Chiffon Printed Saree,Libas,saree,Silver,all,party,pear,neutral,western_casual,3100,4.5,4858
144,Stone Georgette Saree,Vero Moda,saree,Stone,winter,party,pear,neutral,western_casual,5200,4.2,2773
145,Champagne Banarasi Silk Saree,Vero Moda,saree,Champagne,all,party,pear,neutral,western_casual,3400,4.7,2006
146,Stone Georgette Saree,Janasya,saree,Stone,winter,party,pear,neutral,western_casual,4200,3.6,3924
147,Pearl Banarasi Silk Saree,Rangmanch,saree,Pearl,winter,party,pear,neutral,western_casual,7300,4.6,1296
148,Coral Mirror Work Lehenga,Anita Dongre,lehenga,Coral,winter,party,hourglass,warm,festive,8700,3.6,3793
149,Coral Net Lehenga with Dupatta,Aurelia,lehenga,Coral,winter,party,hourglass,warm,festive,4000,3.6,2221
150,Camel Net Lehenga with Dupatta,Aurelia,lehenga,Camel,winter,party,hourglass,warm,festive,2800,4.7,4421
151,Peach Net Lehenga with Dupatta,HRX,lehenga,Peach,autumn,party,hourglass,warm,festive,2100,4.4,1973
152,Burgundy Flared Lehenga Set,Ethnic Motif,lehenga,Burgundy,autumn,party,hourglass,warm,festive,3000,4.1,856
153,Brick Red Net Lehenga with Dupatta,Global Desi,lehenga,Brick Red,winter,party,hourglass,warm,festive,12900,3.9,287
154,Lavender Mirror Work Lehenga,H&M,lehenga,Lavender,winter,party,hourglass,cool,festive,7600,4.1,2050
155,Sage Green Flared Lehenga Set,Global Desi,lehenga,Sage Green,all,party,hourglass,cool,festive,4400,3.6,3183
156,Dusty Rose Net Lehenga with Dupatta,Puma,lehenga,Dusty Rose,winter,party,hourglass,cool,festive,3800,3.8,2130
157,Off-White Net Lehenga with Dupatta,Max Fashion,lehenga,Off-White,winter,party,hourglass,neutral,festive,12600,4.3,655
158,Nude Mirror Work Lehenga,Aurelia,lehenga,Nude,autumn,party,hourglass,neutral,festive,8500,4.5,3792
159,Khaki Flared Lehenga Set,Mango,lehenga,Khaki,autumn,party,hourglass,neutral,festive,9400,3.6,3174
160,Stone Mirror Work Lehenga,Indya,lehenga,Stone,autumn,party,hourglass,neutral,festive,6300,3.5,3292
161,Off-White Embroidered Lehenga Choli,Nike,lehenga,Off-White,winter,party,hourglass,neutral,festive,13700,4.2,2394
162,Silver Mirror Work Lehenga,Van Heusen Woman,lehenga,Silver,winter,party,hourglass,neutral,festive,11900,3.8,2103
163,Burgundy Embroidered Lehenga Choli,Max Fashion,lehenga,Burgundy,winter,party,pear,warm,festive,14400,4.1,4797
164,Camel Embroidered Lehenga Choli,Max Fashion,lehenga,Camel,winter,party,pear,warm,festive,6900,4.5,1488
165,Terracotta Mirror Work Lehenga,Roadster,lehenga,Terracotta,winter,party,pear,warm,festive,9700,4.8,1397
166,Burnt Orange Mirror Work Lehenga,Ethnic Motif,lehenga,Burnt Orange,all,party,pear,warm,festive,7000,4.6,3886
167,Teal Net Lehenga with Dupatta,HRX,lehenga,Teal,winter,party,pear,cool,festive,7500,3.6,3282
168,Royal Blue Embroidered Lehenga Choli,Vero Moda,lehenga,Royal Blue,autumn,party,pear,cool,festive,7500,4.4,2197
169,Dusty Rose Mirror Work Lehenga,Anita Dongre,lehenga,Dusty Rose,all,party,pear,cool,festive,12600,3.8,255
170,Stone Embroidered Lehenga Choli,Aurelia,lehenga,Stone,winter,party,pear,neutral,festive,15000,4.1,2525
171,Ecru Embroidered Lehenga Choli,FabIndia,lehenga,Ecru,all,party,pear,neutral,festive,2200,4.8,2543
172,Nude Embroidered Lehenga Choli,Van Heusen Woman,lehenga,Nude,winter,party,pear,neutral,festive,10300,3.7,3766
173,Light Grey Net Lehenga with Dupatta,Puma,lehenga,Light Grey,winter,party,pear,neutral,festive,13700,4.5,3448
174,Ecru Net Lehenga with Dupatta,Nike,lehenga,Ecru,winter,party,pear,neutral,festive,8200,4.8,2341
175,Warm Beige Flared Lehenga Set,Vero Moda,lehenga,Warm Beige,autumn,party,rectangle,warm,festive,8800,4.8,3021
176,Rust Mirror Work Lehenga,Biba,lehenga,Rust,autumn,party,rectangle,warm,festive,8000,3.9,1050
177,Saffron Embroidered Lehenga Choli,Rangmanch,lehenga,Saffron,all,party,rectangle,warm,festive,5000,4.4,4941
178,Royal Blue Flared Lehenga Set,FabIndia,lehenga,Royal Blue,autumn,party,rectangle,cool,festive,14400,4.3,612
179,Ink Blue Flared Lehenga Set,Puma,lehenga,Ink Blue,winter,party,rectangle,cool,festive,5000,4.6,1958
180,Lavender Embroidered Lehenga Choli,Allen Solly Woman,lehenga,Lavender,winter,party,rectangle,cool,festive,3900,4.9,4475
181,Silver Embroidered Lehenga Choli,Rangmanch,lehenga,Silver,winter,party,rectangle,neutral,festive,1900,3.7,2984
182,Silver Mirror Work Lehenga,Libas,lehenga,Silver,winter,party,rectangle,neutral,festive,4400,3.9,1088
183,Pearl Embroidered Lehenga Choli,Ethnic Motif,lehenga,Pearl,all,party,rectangle,neutral,festive,2500,4.2,3015
184,Champagne Embroidered Lehenga Choli,Vero Moda,lehenga,Champagne,winter,party,rectangle,neutral,festive,9800,3.8,405
185,Pearl Mirror Work Lehenga,Vero Moda,lehenga,Pearl,winter,party,rectangle,neutral,festive,12000,4.8,548
186,Ink Blue Fit & Flare Dress,Rangmanch,dress,Ink Blue,autumn,casual,hourglass,cool,western_casual,1000,4.2,3683
187,Cobalt Off-Shoulder Dress,Nike,dress,Cobalt,summer,casual,hourglass,cool,western_casual,1200,3.6,2302
188,Dusty Rose Shift Dress,Indya,dress,Dusty Rose,all,casual,hourglass,cool,western_casual,1900,4.0,4943
189,Sage Green Fit & Flare Dress,Roadster,dress,Sage Green,spring,casual,hourglass,cool,western_casual,3100,4.1,987
190,Ink Blue A-Line Mini Dress,AND,dress,Ink Blue,all,casual,hourglass,cool,western_casual,2400,4.1,1921
191,Powder Blue Fit & Flare Dress,Mango,dress,Powder Blue,spring,casual,hourglass,cool,western_casual,2300,4.5,2610
192,Light Grey Off-Shoulder Dress,FabIndia,dress,Light Grey,spring,casual,hourglass,neutral,minimal,3400,4.8,599
193,Black Wrap Midi Dress,Forever 21,dress,Black,summer,casual,hourglass,neutral,minimal,1000,4.5,3102
194,Silver Shift Dress,Biba,dress,Silver,summer,casual,hourglass,neutral,minimal,3000,4.8,4651
195,Light Grey Fit & Flare Dress,H&M,dress,Light Grey,summer,casual,hourglass,neutral,minimal,3300,4.8,3514
196,Khaki Off-Shoulder Dress,Nike,dress,Khaki,summer,casual,hourglass,neutral,minimal,1900,4.0,4784
197,Champagne Bodycon Dress,Rangmanch,dress,Champagne,summer,casual,hourglass,neutral,minimal,2600,3.8,936
198,Saffron Off-Shoulder Dress,Anita Dongre,dress,Saffron,all,casual,hourglass,warm,boho,3700,3.9,1902
199,Brick Red Shift Dress,Janasya,dress,Brick Red,autumn,casual,hourglass,warm,boho,4000,4.4,4610
200,Coral A-Line Mini Dress,Indya,dress,Coral,all,casual,hourglass,warm,boho,1700,3.5,2288
201,Warm Beige Off-Shoulder Dress,H&M,dress,Warm Beige,spring,casual,hourglass,warm,boho,600,3.8,1223
202,Gold Wrap Midi Dress,FabIndia,dress,Gold,autumn,casual,hourglass,warm,boho,3600,4.4,301
203,Turquoise Bodycon Dress,Mango,dress,Turquoise,all,casual,rectangle,cool,western_casual,2300,4.1,1339
204,Lavender A-Line Mini Dress,Zara,dress,Lavender,spring,casual,rectangle,cool,western_casual,3800,4.8,4934
205,Cobalt Bodycon Dress,Global Desi,dress,Cobalt,summer,casual,rectangle,cool,western_casual,3700,4.4,718
206,Nude Fit & Flare Dress,Nike,dress,Nude,autumn,casual,rectangle,neutral,minimal,2400,4.1,1815
207,Silver Wrap Midi Dress,H&M,dress,Silver,all,casual,rectangle,neutral,minimal,2400,3.7,4908
208,Nude A-Line Mini Dress,Max Fashion,dress,Nude,all,casual,rectangle,neutral,minimal,800,3.8,4959
209,White Bodycon Dress,Max Fashion,dress,White,summer,casual,rectangle,neutral,minimal,1500,4.6,2143
210,Off-White Wrap Midi Dress,Libas,dress,Off-White,spring,casual,rectangle,neutral,minimal,2600,4.5,1489
211,Peach A-Line Mini Dress,Van Heusen Woman,dress,Peach,all,casual,rectangle,warm,boho,2600,4.3,2951
212,Rust A-Line Mini Dress,Biba,dress,Rust,autumn,casual,rectangle,warm,boho,2400,3.5,687
213,Saffron Shift Dress,Forever 21,dress,Saffron,spring,casual,rectangle,warm,boho,2900,4.1,3471
214,Burnt Orange Fit & Flare Dress,Libas,dress,Burnt Orange,summer,casual,rectangle,warm,boho,1900,3.7,3819
215,Cobalt Wrap Midi Dress,Van Heusen Woman,dress,Cobalt,autumn,casual,pear,cool,western_casual,2400,4.3,4342
216,Cobalt Off-Shoulder Dress,Ethnic Motif,dress,Cobalt,autumn,casual,pear,cool,western_casual,2000,3.8,1427
217,Cobalt A-Line Mini Dress,Anita Dongre,dress,Cobalt,all,casual,pear,cool,western_casual,2800,4.2,2912
218,Lavender Bodycon Dress,Anita Dongre,dress,Lavender,summer,casual,pear,cool,western_casual,1200,3.9,1471
219,Dusty Rose A-Line Mini Dress,W,dress,Dusty Rose,summer,casual,pear,cool,western_casual,1300,4.8,4097
220,Silver Shift Dress,Vero Moda,dress,Silver,all,casual,pear,neutral,minimal,3400,4.8,4674
221,Ecru Off-Shoulder Dress,Aurelia,dress,Ecru,all,casual,pear,neutral,minimal,1900,3.7,609
222,Nude A-Line Mini Dress,Max Fashion,dress,Nude,autumn,casual,pear,neutral,minimal,3900,3.9,510
223,Light Grey Wrap Midi Dress,Max Fashion,dress,Light Grey,all,casual,pear,neutral,minimal,2500,4.1,516
224,Light Grey Wrap Midi Dress,Aurelia,dress,Light Grey,spring,casual,pear,neutral,minimal,1000,4.4,4203
225,Dark Grey Shift Dress,HRX,dress,Dark Grey,autumn,casual,pear,neutral,minimal,3800,4.5,386
226,Brick Red A-Line Mini Dress,AND,dress,Brick Red,all,casual,pear,warm,boho,1900,4.3,4157
227,Mustard Fit & Flare Dress,Anita Dongre,dress,Mustard,summer,casual,pear,warm,boho,3900,4.8,2863
228,Warm Beige Shift Dress,Aurelia,dress,Warm Beige,summer,casual,pear,warm,boho,1300,3.6,3636
229,Tomato Red Shift Dress,Nike,dress,Tomato Red,all,casual,pear,warm,boho,1200,4.0,2367
230,Peach Off-Shoulder Dress,Rangmanch,dress,Peach,autumn,casual,pear,warm,boho,3000,3.6,2791
231,Rust Wrap Midi Dress,HRX,dress,Rust,spring,casual,pear,warm,boho,3400,4.0,2114
232,Lavender Shift Dress,Rangmanch,dress,Lavender,summer,party,hourglass,cool,chic,1200,4.8,2591
233,Lilac Bodycon Dress,Nike,dress,Lilac,autumn,party,hourglass,cool,chic,3500,4.8,2586
234,Sage Green A-Line Mini Dress,Zara,dress,Sage Green,autumn,party,hourglass,cool,chic,3900,3.7,4362
235,Cobalt Shift Dress,H&M,dress,Cobalt,autumn,party,hourglass,cool,chic,700,4.0,1526
236,Light Grey Bodycon Dress,Van Heusen Woman,dress,Light Grey,autumn,party,hourglass,neutral,western_casual,1200,3.7,2473
237,Khaki Shift Dress,Janasya,dress,Khaki,summer,party,hourglass,neutral,western_casual,2800,4.7,4363
238,White Shift Dress,FabIndia,dress,White,spring,party,hourglass,neutral,western_casual,3000,4.0,1379
239,Ivory Bodycon Dress,Ethnic Motif,dress,Ivory,all,party,hourglass,neutral,western_casual,2400,3.6,3034
240,Tomato Red Off-Shoulder Dress,Janasya,dress,Tomato Red,all,party,hourglass,warm,glam,3700,4.6,1966
241,Olive Off-Shoulder Dress,Only,dress,Olive,summer,party,hourglass,warm,glam,1400,4.0,4722
242,Tomato Red Off-Shoulder Dress,Janasya,dress,Tomato Red,autumn,party,hourglass,warm,glam,2200,4.2,3479
243,Mustard Shift Dress,FabIndia,dress,Mustard,summer,party,hourglass,warm,glam,1600,3.6,3986
244,Sage Green A-Line Mini Dress,Roadster,dress,Sage Green,summer,party,rectangle,cool,chic,1100,3.9,1363
245,Slate Grey Shift Dress,FabIndia,dress,Slate Grey,autumn,party,rectangle,cool,chic,2400,3.6,1868
246,Ink Blue Off-Shoulder Dress,Libas,dress,Ink Blue,autumn,party,rectangle,cool,chic,2300,3.6,4162
247,Lavender Fit & Flare Dress,W,dress,Lavender,summer,party,rectangle,cool,chic,2100,3.8,2660
248,Cobalt Bodycon Dress,FabIndia,dress,Cobalt,spring,party,rectangle,cool,chic,800,3.9,3920
249,Silver Fit & Flare Dress,Nike,dress,Silver,autumn,party,rectangle,neutral,western_casual,600,4.8,205
250,Off-White Bodycon Dress,HRX,dress,Off-White,summer,party,rectangle,neutral,western_casual,3600,4.4,3517
251,Black Bodycon Dress,Max Fashion,dress,Black,spring,party,rectangle,neutral,western_casual,1100,3.6,3489
252,Ecru Fit & Flare Dress,W,dress,Ecru,all,party,rectangle,neutral,western_casual,1100,4.7,4144
253,Burgundy Shift Dress,Van Heusen Woman,dress,Burgundy,all,party,rectangle,warm,glam,3500,3.7,3566
254,Coral Off-Shoulder Dress,Van Heusen Woman,dress,Coral,all,party,rectangle,warm,glam,2900,4.1,751
255,Olive Wrap Midi Dress,Roadster,dress,Olive,spring,party,rectangle,warm,glam,2800,4.2,4208
256,Powder Blue Wrap Midi Dress,Aurelia,dress,Powder Blue,autumn,party,pear,cool,chic,2200,4.9,2127
257,Turquoise Off-Shoulder Dress,W,dress,Turquoise,summer,party,pear,cool,chic,2000,3.8,899
258,Charcoal A-Line Mini Dress,Janasya,dress,Charcoal,all,party,pear,cool,chic,2000,3.7,2936
259,Khaki A-Line Mini Dress,Vero Moda,dress,Khaki,summer,party,pear,neutral,western_casual,3400,4.2,1543
260,Silver Wrap Midi Dress,Indya,dress,Silver,summer,party,pear,neutral,western_casual,3800,4.8,352
261,Off-White Wrap Midi Dress,AND,dress,Off-White,summer,party,pear,neutral,western_casual,800,3.9,2590
262,Champagne Shift Dress,Only,dress,Champagne,autumn,party,pear,neutral,western_casual,1600,3.6,1615
263,Off-White Wrap Midi Dress,Aurelia,dress,Off-White,spring,party,pear,neutral,western_casual,2000,3.9,3064
264,Peach Fit & Flare Dress,Zara,dress,Peach,autumn,party,pear,warm,glam,1400,4.2,4125
265,Camel Off-Shoulder Dress,W,dress,Camel,all,party,pear,warm,glam,3600,4.1,3577
266,Gold Shift Dress,Max Fashion,dress,Gold,summer,party,pear,warm,glam,1900,3.6,2736
267,Burgundy Off-Shoulder Dress,Vero Moda,dress,Burgundy,spring,party,pear,warm,glam,3100,4.5,1415
268,Warm Beige Off-Shoulder Dress,Vero Moda,dress,Warm Beige,autumn,party,pear,warm,glam,800,4.5,2938
269,Gold Off-Shoulder Dress,Aurelia,dress,Gold,autumn,party,pear,warm,glam,3800,4.8,664
270,Lavender Pantsuit,Libas,formal_set,Lavender,all,formal,rectangle,cool,corporate,2400,4.7,3639
271,Royal Blue Blazer & Trouser Set,Van Heusen Woman,formal_set,Royal Blue,winter,formal,rectangle,cool,corporate,7600,4.4,3016
272,Powder Blue Blazer & Trouser Set,Nike,formal_set,Powder Blue,all,formal,rectangle,cool,corporate,2500,4.5,3088
273,Lavender Blazer & Trouser Set,Puma,formal_set,Lavender,all,formal,rectangle,cool,corporate,2300,4.2,3310
274,Lavender Pantsuit,Anita Dongre,formal_set,Lavender,autumn,formal,rectangle,cool,corporate,1400,4.5,4138
275,Sage Green Blazer & Trouser Set,Allen Solly Woman,formal_set,Sage Green,all,formal,rectangle,cool,corporate,7500,3.9,3705
276,Stone Formal Co-ord,AND,formal_set,Stone,autumn,formal,rectangle,neutral,corporate,2200,3.7,656
277,Nude Formal Co-ord,W,formal_set,Nude,winter,formal,rectangle,neutral,corporate,7800,4.5,2668
278,Ecru Blazer & Trouser Set,HRX,formal_set,Ecru,autumn,formal,rectangle,neutral,corporate,5600,3.9,2507
279,Khaki Pantsuit,H&M,formal_set,Khaki,winter,formal,rectangle,neutral,corporate,5400,3.8,1696
280,Emerald Blazer & Trouser Set,H&M,formal_set,Emerald,all,formal,apple,cool,corporate,5700,4.3,3878
281,Charcoal Pantsuit,Nike,formal_set,Charcoal,all,formal,apple,cool,corporate,1900,3.6,3311
282,Turquoise Formal Co-ord,Janasya,formal_set,Turquoise,all,formal,apple,cool,corporate,4600,4.7,654
283,Teal Blazer & Trouser Set,Vero Moda,formal_set,Teal,autumn,formal,apple,cool,corporate,5000,4.5,2872
284,Khaki Pantsuit,Janasya,formal_set,Khaki,all,formal,apple,neutral,corporate,2300,4.1,503
285,Khaki Pantsuit,Max Fashion,formal_set,Khaki,all,formal,apple,neutral,corporate,2500,3.7,1897
286,Light Grey Structured Blazer Set,W,formal_set,Light Grey,all,formal,apple,neutral,corporate,3300,3.8,4562
287,Off-White Structured Blazer Set,Nike,formal_set,Off-White,winter,formal,apple,neutral,corporate,5600,3.6,1431
288,Teal Structured Blazer Set,Puma,formal_set,Teal,all,formal,hourglass,cool,corporate,1500,4.7,282
289,Cobalt Structured Blazer Set,Aurelia,formal_set,Cobalt,all,formal,hourglass,cool,corporate,2900,4.6,3462
290,Dusty Rose Formal Co-ord,Aurelia,formal_set,Dusty Rose,all,formal,hourglass,cool,corporate,5700,3.9,2524
291,Midnight Navy Formal Co-ord,Max Fashion,formal_set,Midnight Navy,winter,formal,hourglass,cool,corporate,4900,3.6,540
292,Nude Formal Co-ord,Vero Moda,formal_set,Nude,all,formal,hourglass,neutral,corporate,2900,4.0,1226
293,Light Grey Structured Blazer Set,Mango,formal_set,Light Grey,autumn,formal,hourglass,neutral,corporate,2300,4.6,4268
294,Champagne Structured Blazer Set,Van Heusen Woman,formal_set,Champagne,all,formal,hourglass,neutral,corporate,5000,3.7,3733
295,Cream Blazer & Trouser Set,Biba,formal_set,Cream,winter,formal,hourglass,neutral,corporate,3600,4.8,3475
296,Saffron Graphic Tee + Mom Jeans,Puma,top_jeans,Saffron,spring,casual,apple,warm,western_casual,1800,3.8,1355
297,Tomato Red Graphic Tee + Mom Jeans,Only,top_jeans,Tomato Red,summer,casual,apple,warm,western_casual,1800,4.2,787
298,Peach Graphic Tee + Mom Jeans,Van Heusen Woman,top_jeans,Peach,summer,casual,apple,warm,western_casual,1400,4.3,448
299,Coral Graphic Tee + Mom Jeans,Nike,top_jeans,Coral,autumn,casual,apple,warm,western_casual,2400,3.9,116
300,Powder Blue Graphic Tee + Mom Jeans,Ethnic Motif,top_jeans,Powder Blue,spring,casual,apple,cool,western_casual,2000,4.6,3047
301,Royal Blue Crop Top & Jeans Set,Puma,top_jeans,Royal Blue,all,casual,apple,cool,western_casual,2800,3.8,4582
302,Slate Grey Graphic Tee + Mom Jeans,Roadster,top_jeans,Slate Grey,summer,casual,apple,cool,western_casual,2300,4.6,2341
303,Ivory Graphic Tee + Mom Jeans,H&M,top_jeans,Ivory,summer,casual,apple,neutral,minimal,1900,4.3,3045
304,Silver Crop Top & Jeans Set,Nike,top_jeans,Silver,spring,casual,apple,neutral,minimal,2600,4.1,379
305,White Crop Top & Jeans Set,Indya,top_jeans,White,summer,casual,apple,neutral,minimal,1900,4.6,4304
306,Mustard Strappy Top & Straight Jeans,FabIndia,top_jeans,Mustard,summer,casual,rectangle,warm,western_casual,1800,4.8,2659
307,Mustard Strappy Top & Straight Jeans,Ethnic Motif,top_jeans,Mustard,all,casual,rectangle,warm,western_casual,1700,4.3,4205
308,Saffron Strappy Top & Straight Jeans,Only,top_jeans,Saffron,summer,casual,rectangle,warm,western_casual,2800,3.9,186
309,Camel Strappy Top & Straight Jeans,Anita Dongre,top_jeans,Camel,autumn,casual,rectangle,warm,western_casual,2200,4.3,268
310,Gold Graphic Tee + Mom Jeans,Aurelia,top_jeans,Gold,all,casual,rectangle,warm,western_casual,2900,4.3,470
311,Gold Crop Top & Jeans Set,Roadster,top_jeans,Gold,all,casual,rectangle,warm,western_casual,2100,3.7,2034
312,Dusty Rose Crop Top & Jeans Set,Libas,top_jeans,Dusty Rose,summer,casual,rectangle,cool,western_casual,2300,3.9,1290
313,Powder Blue Graphic Tee + Mom Jeans,Roadster,top_jeans,Powder Blue,spring,casual,rectangle,cool,western_casual,2400,4.7,560
314,Turquoise Strappy Top & Straight Jeans,AND,top_jeans,Turquoise,spring,casual,rectangle,cool,western_casual,2800,4.0,3968
315,Light Grey Graphic Tee + Mom Jeans,HRX,top_jeans,Light Grey,spring,casual,rectangle,neutral,minimal,1900,4.3,2215
316,Stone Crop Top & Jeans Set,Van Heusen Woman,top_jeans,Stone,all,casual,rectangle,neutral,minimal,1600,4.3,1892
317,Off-White Strappy Top & Straight Jeans,AND,top_jeans,Off-White,autumn,casual,rectangle,neutral,minimal,2500,3.9,2907
318,Champagne Graphic Tee + Mom Jeans,Anita Dongre,top_jeans,Champagne,autumn,casual,rectangle,neutral,minimal,2800,4.4,3160
319,Dark Grey Crop Top & Jeans Set,Max Fashion,top_jeans,Dark Grey,autumn,casual,rectangle,neutral,minimal,700,3.9,697
320,Light Grey Strappy Top & Straight Jeans,Allen Solly Woman,top_jeans,Light Grey,all,casual,rectangle,neutral,minimal,2500,3.8,4462
321,Olive Crop Top & Jeans Set,Anita Dongre,top_jeans,Olive,autumn,casual,hourglass,warm,western_casual,2900,3.8,465
322,Burgundy Crop Top & Jeans Set,Aurelia,top_jeans,Burgundy,summer,casual,hourglass,warm,western_casual,1500,3.6,3435
323,Camel Crop Top & Jeans Set,Rangmanch,top_jeans,Camel,all,casual,hourglass,warm,western_casual,1100,3.5,4558
324,Mustard Strappy Top & Straight Jeans,Only,top_jeans,Mustard,all,casual,hourglass,warm,western_casual,2500,4.4,2403
325,Camel Strappy Top & Straight Jeans,Biba,top_jeans,Camel,autumn,casual,hourglass,warm,western_casual,900,4.4,1952
326,Teal Crop Top & Jeans Set,Biba,top_jeans,Teal,all,casual,hourglass,cool,western_casual,2100,4.6,1576
327,Turquoise Crop Top & Jeans Set,Libas,top_jeans,Turquoise,autumn,casual,hourglass,cool,western_casual,1700,4.3,929
328,Lavender Graphic Tee + Mom Jeans,Aurelia,top_jeans,Lavender,autumn,casual,hourglass,cool,western_casual,2700,4.2,1149
329,Off-White Crop Top & Jeans Set,Zara,top_jeans,Off-White,spring,casual,hourglass,neutral,minimal,1200,4.5,2157
330,Pearl Crop Top & Jeans Set,Ethnic Motif,top_jeans,Pearl,spring,casual,hourglass,neutral,minimal,1900,4.6,4701
331,Ecru Crop Top & Jeans Set,Nike,top_jeans,Ecru,spring,casual,hourglass,neutral,minimal,2200,4.7,4271
332,Light Grey Graphic Tee + Mom Jeans,Rangmanch,top_jeans,Light Grey,summer,casual,hourglass,neutral,minimal,900,3.8,1201
333,Nude Crop Top & Jeans Set,Libas,top_jeans,Nude,autumn,casual,hourglass,neutral,minimal,1600,4.0,3709
334,Silver Graphic Tee + Mom Jeans,Max Fashion,top_jeans,Silver,autumn,casual,hourglass,neutral,minimal,2900,4.5,143
335,Lilac Printed Co-ord Set,Biba,co_ord_set,Lilac,autumn,casual,rectangle,cool,western_casual,3400,3.7,2563
336,Teal Matching Set,Indya,co_ord_set,Teal,all,casual,rectangle,cool,western_casual,1200,4.4,2466
337,Lavender Printed Co-ord Set,Van Heusen Woman,co_ord_set,Lavender,summer,casual,rectangle,cool,western_casual,1200,4.2,3777
338,Turquoise Matching Set,Forever 21,co_ord_set,Turquoise,summer,casual,rectangle,cool,western_casual,3600,4.3,3907
339,Charcoal Printed Co-ord Set,Janasya,co_ord_set,Charcoal,summer,casual,rectangle,cool,western_casual,1700,4.5,4930
340,Champagne Matching Set,W,co_ord_set,Champagne,all,casual,rectangle,neutral,minimal,3000,3.7,4536
341,Champagne Printed Co-ord Set,Global Desi,co_ord_set,Champagne,spring,casual,rectangle,neutral,minimal,2000,4.7,3669
342,Black Linen Co-ord,W,co_ord_set,Black,spring,casual,rectangle,neutral,minimal,2800,4.1,505
343,Mustard Linen Co-ord,Vero Moda,co_ord_set,Mustard,summer,casual,rectangle,warm,western_casual,3000,3.6,3837
344,Burgundy Co-ord Set,Mango,co_ord_set,Burgundy,autumn,casual,rectangle,warm,western_casual,1700,4.6,1835
345,Gold Co-ord Set,Forever 21,co_ord_set,Gold,summer,casual,rectangle,warm,western_casual,2100,4.5,4483
346,Coral Linen Co-ord,Biba,co_ord_set,Coral,summer,casual,rectangle,warm,western_casual,1900,4.1,1159
347,Brick Red Matching Set,Mango,co_ord_set,Brick Red,all,casual,rectangle,warm,western_casual,2500,4.7,3142
348,Peach Printed Co-ord Set,Aurelia,co_ord_set,Peach,summer,casual,rectangle,warm,western_casual,2100,3.7,4451
349,Sage Green Printed Co-ord Set,Libas,co_ord_set,Sage Green,spring,casual,hourglass,cool,western_casual,3800,3.5,2494
350,Midnight Navy Linen Co-ord,HRX,co_ord_set,Midnight Navy,summer,casual,hourglass,cool,western_casual,2300,4.7,2077
351,Midnight Navy Printed Co-ord Set,Allen Solly Woman,co_ord_set,Midnight Navy,autumn,casual,hourglass,cool,western_casual,1500,4.8,974
352,Royal Blue Co-ord Set,Van Heusen Woman,co_ord_set,Royal Blue,all,casual,hourglass,cool,western_casual,1500,3.6,4915
353,Royal Blue Co-ord Set,Van Heusen Woman,co_ord_set,Royal Blue,all,casual,hourglass,cool,western_casual,3700,3.6,3645
354,Emerald Printed Co-ord Set,Janasya,co_ord_set,Emerald,summer,casual,hourglass,cool,western_casual,3900,3.6,4177
355,Cream Matching Set,Puma,co_ord_set,Cream,summer,casual,hourglass,neutral,minimal,3100,4.6,2676
356,Cream Printed Co-ord Set,Rangmanch,co_ord_set,Cream,autumn,casual,hourglass,neutral,minimal,2800,3.8,2511
357,Off-White Printed Co-ord Set,Aurelia,co_ord_set,Off-White,summer,casual,hourglass,neutral,minimal,3500,4.1,4110
358,White Linen Co-ord,Roadster,co_ord_set,White,autumn,casual,hourglass,neutral,minimal,2000,4.5,3394
359,Ivory Linen Co-ord,Global Desi,co_ord_set,Ivory,autumn,casual,hourglass,neutral,minimal,3800,4.3,2024
360,Burnt Orange Linen Co-ord,Biba,co_ord_set,Burnt Orange,spring,casual,hourglass,warm,western_casual,3000,4.1,3462
361,Olive Printed Co-ord Set,Mango,co_ord_set,Olive,summer,casual,hourglass,warm,western_casual,1700,3.9,2755
362,Burgundy Linen Co-ord,H&M,co_ord_set,Burgundy,summer,casual,hourglass,warm,western_casual,1100,4.2,1610
363,Coral Linen Co-ord,Rangmanch,co_ord_set,Coral,autumn,casual,hourglass,warm,western_casual,3200,4.3,646
364,Charcoal Printed Co-ord Set,Only,co_ord_set,Charcoal,summer,party,rectangle,cool,chic,1600,4.7,2777
365,Slate Grey Printed Co-ord Set,AND,co_ord_set,Slate Grey,summer,party,rectangle,cool,chic,3700,3.7,3973
366,Emerald Printed Co-ord Set,Mango,co_ord_set,Emerald,summer,party,rectangle,cool,chic,1700,4.3,2368
367,Powder Blue Matching Set,Max Fashion,co_ord_set,Powder Blue,all,party,rectangle,cool,chic,1800,4.0,4123
368,Black Matching Set,AND,co_ord_set,Black,all,party,rectangle,neutral,western_casual,2200,3.9,424
369,Stone Printed Co-ord Set,Libas,co_ord_set,Stone,spring,party,rectangle,neutral,western_casual,1800,4.3,4834
370,Stone Matching Set,FabIndia,co_ord_set,Stone,all,party,rectangle,neutral,western_casual,1500,4.0,3161
371,Stone Linen Co-ord,HRX,co_ord_set,Stone,spring,party,rectangle,neutral,western_casual,3400,4.8,2815
372,Off-White Linen Co-ord,Vero Moda,co_ord_set,Off-White,all,party,rectangle,neutral,western_casual,1400,4.5,2935
373,Ivory Linen Co-ord,Global Desi,co_ord_set,Ivory,spring,party,rectangle,neutral,western_casual,2900,4.9,531
374,Saffron Co-ord Set,Janasya,co_ord_set,Saffron,summer,party,rectangle,warm,glam,700,4.1,1945
375,Rust Co-ord Set,AND,co_ord_set,Rust,spring,party,rectangle,warm,glam,2800,4.1,545
376,Gold Linen Co-ord,Rangmanch,co_ord_set,Gold,summer,party,rectangle,warm,glam,2700,3.5,4409
377,Royal Blue Matching Set,HRX,co_ord_set,Royal Blue,summer,party,hourglass,cool,chic,1900,3.5,3577
378,Charcoal Co-ord Set,Anita Dongre,co_ord_set,Charcoal,spring,party,hourglass,cool,chic,2800,3.7,1622
379,Dusty Rose Matching Set,H&M,co_ord_set,Dusty Rose,summer,party,hourglass,cool,chic,1800,4.6,697
380,Lavender Linen Co-ord,Puma,co_ord_set,Lavender,all,party,hourglass,cool,chic,1700,4.9,1900
381,Slate Grey Co-ord Set,W,co_ord_set,Slate Grey,summer,party,hourglass,cool,chic,2400,4.0,4577
382,Midnight Navy Co-ord Set,Indya,co_ord_set,Midnight Navy,summer,party,hourglass,cool,chic,1400,3.6,3604
383,Stone Co-ord Set,Van Heusen Woman,co_ord_set,Stone,summer,party,hourglass,neutral,western_casual,1600,4.8,4693
384,Nude Co-ord Set,W,co_ord_set,Nude,autumn,party,hourglass,neutral,western_casual,3500,4.8,4498
385,Stone Printed Co-ord Set,Zara,co_ord_set,Stone,summer,party,hourglass,neutral,western_casual,800,4.8,4858
386,Ivory Co-ord Set,Max Fashion,co_ord_set,Ivory,all,party,hourglass,neutral,western_casual,1400,4.3,4692
387,Khaki Matching Set,Mango,co_ord_set,Khaki,all,party,hourglass,neutral,western_casual,3800,4.5,692
388,Coral Linen Co-ord,Van Heusen Woman,co_ord_set,Coral,summer,party,hourglass,warm,glam,1000,4.0,4929
389,Peach Co-ord Set,Aurelia,co_ord_set,Peach,autumn,party,hourglass,warm,glam,1800,4.6,3740
390,Tomato Red Matching Set,HRX,co_ord_set,Tomato Red,spring,party,hourglass,warm,glam,2200,4.1,4849
391,Burgundy Co-ord Set,Janasya,co_ord_set,Burgundy,all,party,hourglass,warm,glam,3200,3.9,2068
392,Warm Beige Co-ord Set,Allen Solly Woman,co_ord_set,Warm Beige,summer,party,hourglass,warm,glam,1300,4.0,1313
393,Light Grey Wide Leg Jumpsuit,W,jumpsuit,Light Grey,autumn,casual,rectangle,neutral,minimal,600,4.8,3693
394,Light Grey Wide Leg Jumpsuit,FabIndia,jumpsuit,Light Grey,autumn,casual,rectangle,neutral,minimal,1000,3.8,3726
395,Champagne Halter Neck Jumpsuit,Anita Dongre,jumpsuit,Champagne,summer,casual,rectangle,neutral,minimal,700,3.6,4590
396,Black Belted Jumpsuit,Mango,jumpsuit,Black,summer,casual,rectangle,neutral,minimal,600,3.9,3226
397,Silver Utility Jumpsuit,Puma,jumpsuit,Silver,summer,casual,rectangle,neutral,minimal,2700,3.7,3168
398,Ivory Belted Jumpsuit,Max Fashion,jumpsuit,Ivory,spring,casual,rectangle,neutral,minimal,1700,4.2,568
399,Powder Blue Halter Neck Jumpsuit,Max Fashion,jumpsuit,Powder Blue,autumn,casual,rectangle,cool,western_casual,2600,4.6,3008
400,Slate Grey Halter Neck Jumpsuit,Nike,jumpsuit,Slate Grey,spring,casual,rectangle,cool,western_casual,3100,3.8,926
401,Teal Wide Leg Jumpsuit,Mango,jumpsuit,Teal,autumn,casual,rectangle,cool,western_casual,2000,4.7,3162
402,Charcoal Halter Neck Jumpsuit,Zara,jumpsuit,Charcoal,autumn,casual,rectangle,cool,western_casual,2400,4.6,4919
403,Off-White Utility Jumpsuit,Only,jumpsuit,Off-White,autumn,casual,hourglass,neutral,minimal,1900,3.7,3312
404,Light Grey Halter Neck Jumpsuit,Puma,jumpsuit,Light Grey,autumn,casual,hourglass,neutral,minimal,1600,4.0,2346
405,Khaki Belted Jumpsuit,Anita Dongre,jumpsuit,Khaki,all,casual,hourglass,neutral,minimal,2900,3.8,4519
406,Ivory Wide Leg Jumpsuit,Ethnic Motif,jumpsuit,Ivory,summer,casual,hourglass,neutral,minimal,2500,4.8,1767
407,Charcoal Wide Leg Jumpsuit,Forever 21,jumpsuit,Charcoal,autumn,casual,hourglass,cool,western_casual,3400,4.2,2530
408,Emerald Utility Jumpsuit,Indya,jumpsuit,Emerald,autumn,casual,hourglass,cool,western_casual,2300,4.6,655
409,Midnight Navy Halter Neck Jumpsuit,Puma,jumpsuit,Midnight Navy,summer,casual,hourglass,cool,western_casual,2200,4.2,3476
410,Sage Green Belted Jumpsuit,Indya,jumpsuit,Sage Green,summer,casual,hourglass,cool,western_casual,2800,4.3,746
411,Cobalt Belted Jumpsuit,Global Desi,jumpsuit,Cobalt,spring,casual,hourglass,cool,western_casual,3200,4.4,4663
412,Lilac Belted Jumpsuit,Forever 21,jumpsuit,Lilac,all,casual,hourglass,cool,western_casual,1000,3.5,2169
413,Champagne Utility Jumpsuit,Vero Moda,jumpsuit,Champagne,summer,party,rectangle,neutral,western_casual,2100,4.0,4871
414,Pearl Utility Jumpsuit,H&M,jumpsuit,Pearl,summer,party,rectangle,neutral,western_casual,700,4.2,2470
415,Dark Grey Wide Leg Jumpsuit,Ethnic Motif,jumpsuit,Dark Grey,summer,party,rectangle,neutral,western_casual,1200,4.0,2860
416,Nude Halter Neck Jumpsuit,H&M,jumpsuit,Nude,spring,party,rectangle,neutral,western_casual,2600,3.6,3756
417,Cobalt Wide Leg Jumpsuit,Indya,jumpsuit,Cobalt,autumn,party,rectangle,cool,chic,1100,3.5,2860
418,Lilac Utility Jumpsuit,Ethnic Motif,jumpsuit,Lilac,summer,party,rectangle,cool,chic,1600,4.2,4571
419,Teal Halter Neck Jumpsuit,Vero Moda,jumpsuit,Teal,autumn,party,rectangle,cool,chic,1500,4.6,1561
420,Teal Halter Neck Jumpsuit,Libas,jumpsuit,Teal,all,party,rectangle,cool,chic,3100,4.7,3732
421,Dusty Rose Halter Neck Jumpsuit,Libas,jumpsuit,Dusty Rose,all,party,rectangle,cool,chic,3500,3.8,2330
422,Stone Utility Jumpsuit,H&M,jumpsuit,Stone,summer,party,hourglass,neutral,western_casual,1900,3.8,983
423,Off-White Belted Jumpsuit,Nike,jumpsuit,Off-White,all,party,hourglass,neutral,western_casual,2200,4.4,4858
424,Black Belted Jumpsuit,Vero Moda,jumpsuit,Black,autumn,party,hourglass,neutral,western_casual,3100,3.7,2486
425,Lilac Belted Jumpsuit,Anita Dongre,jumpsuit,Lilac,spring,party,hourglass,cool,chic,1600,3.9,1549
426,Lavender Halter Neck Jumpsuit,Forever 21,jumpsuit,Lavender,spring,party,hourglass,cool,chic,3000,3.7,3193
427,Powder Blue Halter Neck Jumpsuit,Aurelia,jumpsuit,Powder Blue,spring,party,hourglass,cool,chic,2800,4.5,1469
428,Tomato Red Flared Anarkali,Global Desi,anarkali,Tomato Red,all,party,pear,warm,festive,3400,4.7,489
429,Saffron Anarkali Suit,Only,anarkali,Saffron,all,party,pear,warm,festive,1900,3.8,3195
430,Olive Printed Anarkali Set,Forever 21,anarkali,Olive,autumn,party,pear,warm,festive,4800,4.1,3686
431,Tomato Red Anarkali Suit,Puma,anarkali,Tomato Red,autumn,party,pear,warm,festive,1100,4.6,1856
432,White Flared Anarkali,HRX,anarkali,White,all,party,pear,neutral,festive,3200,3.7,3796
433,Stone Anarkali Suit,Puma,anarkali,Stone,winter,party,pear,neutral,festive,1700,3.9,4499
434,Khaki Anarkali Suit,Janasya,anarkali,Khaki,all,party,pear,neutral,festive,4400,4.3,3532
435,Black Embroidered Anarkali,Biba,anarkali,Black,autumn,party,pear,neutral,festive,4500,3.9,762
436,Nude Flared Anarkali,AND,anarkali,Nude,winter,party,pear,neutral,festive,3700,4.7,3557
437,Gold Flared Anarkali,AND,anarkali,Gold,autumn,party,apple,warm,festive,1300,4.3,4410
438,Burnt Orange Flared Anarkali,Zara,anarkali,Burnt Orange,autumn,party,apple,warm,festive,3200,3.9,2240
439,Saffron Anarkali Suit,FabIndia,anarkali,Saffron,autumn,party,apple,warm,festive,4200,4.8,2321
440,Saffron Flared Anarkali,Van Heusen Woman,anarkali,Saffron,autumn,party,apple,warm,festive,2000,4.5,2077
441,Nude Embroidered Anarkali,Aurelia,anarkali,Nude,autumn,party,apple,neutral,festive,4200,4.0,668
442,Ecru Printed Anarkali Set,Roadster,anarkali,Ecru,winter,party,apple,neutral,festive,3100,4.5,3073
443,Nude Embroidered Anarkali,Puma,anarkali,Nude,winter,party,apple,neutral,festive,800,4.7,813
444,Pearl Embroidered Anarkali,W,anarkali,Pearl,winter,party,apple,neutral,festive,4100,3.8,3569
445,Khaki Printed Anarkali Set,Allen Solly Woman,anarkali,Khaki,autumn,party,apple,neutral,festive,3400,4.7,2816
446,Champagne Flared Anarkali,Puma,anarkali,Champagne,autumn,party,apple,neutral,festive,4800,4.6,446
447,Rust Anarkali Suit,Anita Dongre,anarkali,Rust,winter,party,hourglass,warm,festive,2100,4.1,55
448,Peach Flared Anarkali,Aurelia,anarkali,Peach,autumn,party,hourglass,warm,festive,3300,3.7,2294
449,Rust Embroidered Anarkali,W,anarkali,Rust,all,party,hourglass,warm,festive,3800,4.4,1405
450,Dark Grey Flared Anarkali,Forever 21,anarkali,Dark Grey,all,party,hourglass,neutral,festive,1500,4.5,58
451,Cream Anarkali Suit,FabIndia,anarkali,Cream,winter,party,hourglass,neutral,festive,2700,4.2,3695
452,White Embroidered Anarkali,Anita Dongre,anarkali,White,winter,party,hourglass,neutral,festive,4300,4.5,3963
453,Terracotta Anarkali Suit,Ethnic Motif,anarkali,Terracotta,winter,formal,pear,warm,ethnic_formal,1600,3.6,3061
454,Burnt Orange Printed Anarkali Set,Janasya,anarkali,Burnt Orange,autumn,formal,pear,warm,ethnic_formal,1900,4.4,1220
455,Rust Anarkali Suit,Nike,anarkali,Rust,autumn,formal,pear,warm,ethnic_formal,2100,4.1,1795
456,Dark Grey Printed Anarkali Set,AND,anarkali,Dark Grey,autumn,formal,pear,neutral,western_casual,1500,4.8,1196
457,Silver Printed Anarkali Set,H&M,anarkali,Silver,winter,formal,pear,neutral,western_casual,4300,3.9,1195
458,Cream Anarkali Suit,Van Heusen Woman,anarkali,Cream,all,formal,pear,neutral,western_casual,3100,4.6,269
459,Khaki Flared Anarkali,Roadster,anarkali,Khaki,all,formal,pear,neutral,western_casual,5000,3.8,3259
460,Burgundy Flared Anarkali,Only,anarkali,Burgundy,winter,formal,apple,warm,ethnic_formal,4000,3.7,4142
461,Burgundy Anarkali Suit,Roadster,anarkali,Burgundy,autumn,formal,apple,warm,ethnic_formal,900,4.9,2642
462,Mustard Printed Anarkali Set,H&M,anarkali,Mustard,winter,formal,apple,warm,ethnic_formal,2200,4.6,647
463,Coral Anarkali Suit,Libas,anarkali,Coral,autumn,formal,apple,warm,ethnic_formal,2900,3.8,545
464,Brick Red Embroidered Anarkali,Aurelia,anarkali,Brick Red,winter,formal,apple,warm,ethnic_formal,4900,4.6,3519
465,Black Flared Anarkali,Allen Solly Woman,anarkali,Black,autumn,formal,apple,neutral,western_casual,1500,3.9,4238
466,Cream Embroidered Anarkali,Mango,anarkali,Cream,autumn,formal,apple,neutral,western_casual,1300,3.9,3633
467,Pearl Anarkali Suit,Van Heusen Woman,anarkali,Pearl,autumn,formal,apple,neutral,western_casual,1500,4.8,1000
468,Nude Anarkali Suit,Max Fashion,anarkali,Nude,autumn,formal,apple,neutral,western_casual,2200,3.7,1174
469,Pearl Flared Anarkali,Only,anarkali,Pearl,winter,formal,apple,neutral,western_casual,3600,4.2,2173
470,Ivory Flared Anarkali,Ethnic Motif,anarkali,Ivory,all,formal,apple,neutral,western_casual,3000,4.5,1017
471,Camel Embroidered Anarkali,Roadster,anarkali,Camel,winter,formal,hourglass,warm,ethnic_formal,1300,3.9,4773
472,Burgundy Printed Anarkali Set,Vero Moda,anarkali,Burgundy,winter,formal,hourglass,warm,ethnic_formal,5000,4.0,4142
473,Saffron Flared Anarkali,H&M,anarkali,Saffron,autumn,formal,hourglass,warm,ethnic_formal,2100,3.9,892
474,Cream Anarkali Suit,Biba,anarkali,Cream,autumn,formal,hourglass,neutral,western_casual,900,3.8,3914
475,Light Grey Flared Anarkali,Global Desi,anarkali,Light Grey,winter,formal,hourglass,neutral,western_casual,1100,4.3,3485
476,Cream Flared Anarkali,Forever 21,anarkali,Cream,all,formal,hourglass,neutral,western_casual,3400,3.9,688
477,Rust Straight Kurta with Palazzo,Biba,palazzo_set,Rust,summer,casual,pear,warm,ethnic_casual,900,3.8,4275
478,Coral Kurta Palazzo Set,Vero Moda,palazzo_set,Coral,all,casual,pear,warm,ethnic_casual,2300,3.9,2595
479,Camel Straight Kurta with Palazzo,Vero Moda,palazzo_set,Camel,summer,casual,pear,warm,ethnic_casual,500,4.0,2438
480,Gold Straight Kurta with Palazzo,Nike,palazzo_set,Gold,autumn,casual,pear,warm,ethnic_casual,1000,4.1,4897
481,Tomato Red Straight Kurta with Palazzo,HRX,palazzo_set,Tomato Red,spring,casual,pear,warm,ethnic_casual,2100,4.6,1283
482,Dark Grey Kurta Palazzo Set,HRX,palazzo_set,Dark Grey,summer,casual,pear,neutral,minimal,1200,4.4,128
483,Light Grey Straight Kurta with Palazzo,Mango,palazzo_set,Light Grey,summer,casual,pear,neutral,minimal,2200,4.5,2569
484,Black Straight Kurta with Palazzo,Van Heusen Woman,palazzo_set,Black,spring,casual,pear,neutral,minimal,1400,4.2,540
485,Turquoise Kurta Palazzo Set,Biba,palazzo_set,Turquoise,autumn,casual,pear,cool,western_casual,2400,3.8,4307
486,Powder Blue Printed Palazzo Suit,Ethnic Motif,palazzo_set,Powder Blue,autumn,casual,pear,cool,western_casual,700,4.3,4190
487,Teal Kurta Palazzo Set,Puma,palazzo_set,Teal,all,casual,pear,cool,western_casual,1700,3.6,1120
488,Emerald Printed Palazzo Suit,Zara,palazzo_set,Emerald,autumn,casual,pear,cool,western_casual,2400,4.6,2722
489,Tomato Red Kurta Palazzo Set,W,palazzo_set,Tomato Red,autumn,casual,apple,warm,ethnic_casual,2400,3.8,4839
490,Rust Kurta Palazzo Set,Global Desi,palazzo_set,Rust,spring,casual,apple,warm,ethnic_casual,1400,4.2,3380
491,Rust Printed Palazzo Suit,Janasya,palazzo_set,Rust,summer,casual,apple,warm,ethnic_casual,900,4.1,3845
492,Burnt Orange Kurta Palazzo Set,Global Desi,palazzo_set,Burnt Orange,summer,casual,apple,warm,ethnic_casual,2200,4.5,4992
493,Coral Printed Palazzo Suit,FabIndia,palazzo_set,Coral,spring,casual,apple,warm,ethnic_casual,700,4.5,2964
494,Champagne Straight Kurta with Palazzo,Max Fashion,palazzo_set,Champagne,summer,casual,apple,neutral,minimal,1000,4.6,1474
495,White Printed Palazzo Suit,HRX,palazzo_set,White,all,casual,apple,neutral,minimal,2000,4.3,825
496,Nude Kurta Palazzo Set,Anita Dongre,palazzo_set,Nude,summer,casual,apple,neutral,minimal,500,3.6,1870
497,Ivory Printed Palazzo Suit,H&M,palazzo_set,Ivory,spring,casual,apple,neutral,minimal,1900,4.4,738
498,Stone Printed Palazzo Suit,W,palazzo_set,Stone,summer,casual,apple,neutral,minimal,500,4.9,1669
499,Ecru Kurta Palazzo Set,W,palazzo_set,Ecru,all,casual,apple,neutral,minimal,2400,4.7,2766
500,Royal Blue Kurta Palazzo Set,Global Desi,palazzo_set,Royal Blue,all,casual,apple,cool,western_casual,2400,4.3,3285
501,Midnight Navy Printed Palazzo Suit,Rangmanch,palazzo_set,Midnight Navy,summer,casual,apple,cool,western_casual,1400,3.7,1808
502,Teal Printed Palazzo Suit,Vero Moda,palazzo_set,Teal,autumn,casual,apple,cool,western_casual,2300,3.7,2063
503,Tomato Red Straight Kurta with Palazzo,Only,palazzo_set,Tomato Red,all,casual,rectangle,warm,ethnic_casual,600,3.6,3187
504,Mustard Kurta Palazzo Set,Aurelia,palazzo_set,Mustard,all,casual,rectangle,warm,ethnic_casual,2300,4.6,2091
505,Burgundy Kurta Palazzo Set,Mango,palazzo_set,Burgundy,summer,casual,rectangle,warm,ethnic_casual,2100,4.5,3979
506,Olive Printed Palazzo Suit,Puma,palazzo_set,Olive,all,casual,rectangle,warm,ethnic_casual,1500,4.0,2265
507,Mustard Printed Palazzo Suit,Nike,palazzo_set,Mustard,summer,casual,rectangle,warm,ethnic_casual,900,3.5,2351
508,Silver Straight Kurta with Palazzo,H&M,palazzo_set,Silver,all,casual,rectangle,neutral,minimal,2100,4.3,1956
509,Ivory Kurta Palazzo Set,Rangmanch,palazzo_set,Ivory,summer,casual,rectangle,neutral,minimal,1000,3.9,508
510,Silver Straight Kurta with Palazzo,Mango,palazzo_set,Silver,spring,casual,rectangle,neutral,minimal,1200,4.8,1473
511,Emerald Printed Palazzo Suit,Ethnic Motif,palazzo_set,Emerald,summer,casual,rectangle,cool,western_casual,1900,4.0,4896
512,Royal Blue Straight Kurta with Palazzo,Puma,palazzo_set,Royal Blue,autumn,casual,rectangle,cool,western_casual,800,4.3,1592
513,Ink Blue Straight Kurta with Palazzo,Max Fashion,palazzo_set,Ink Blue,all,casual,rectangle,cool,western_casual,900,4.2,789
514,Royal Blue Straight Kurta with Palazzo,Van Heusen Woman,palazzo_set,Royal Blue,spring,casual,rectangle,cool,western_casual,500,4.2,55
515,Gold Kurta Palazzo Set,Zara,palazzo_set,Gold,spring,formal,pear,warm,western_casual,2000,3.7,2700
516,Coral Kurta Palazzo Set,Puma,palazzo_set,Coral,summer,formal,pear,warm,western_casual,1900,4.8,958
517,Saffron Printed Palazzo Suit,W,palazzo_set,Saffron,summer,formal,pear,warm,western_casual,1300,4.5,3290
518,Gold Printed Palazzo Suit,Max Fashion,palazzo_set,Gold,summer,formal,pear,warm,western_casual,1200,3.7,1340
519,Warm Beige Straight Kurta with Palazzo,Only,palazzo_set,Warm Beige,all,formal,pear,warm,western_casual,1800,3.9,4653
520,Cream Kurta Palazzo Set,Mango,palazzo_set,Cream,summer,formal,pear,neutral,western_casual,1100,4.5,2462
521,Ivory Straight Kurta with Palazzo,Libas,palazzo_set,Ivory,spring,formal,pear,neutral,western_casual,2400,4.5,4742
522,Dark Grey Kurta Palazzo Set,Global Desi,palazzo_set,Dark Grey,summer,formal,pear,neutral,western_casual,1700,3.9,1859
523,Ecru Kurta Palazzo Set,Only,palazzo_set,Ecru,summer,formal,pear,neutral,western_casual,800,4.0,687
524,Cream Printed Palazzo Suit,Global Desi,palazzo_set,Cream,autumn,formal,pear,neutral,western_casual,1800,4.7,776
525,Midnight Navy Printed Palazzo Suit,AND,palazzo_set,Midnight Navy,summer,formal,pear,cool,ethnic_formal,1000,4.5,2921
526,Slate Grey Straight Kurta with Palazzo,Libas,palazzo_set,Slate Grey,summer,formal,pear,cool,ethnic_formal,600,4.0,3487
527,Teal Printed Palazzo Suit,Mango,palazzo_set,Teal,all,formal,pear,cool,ethnic_formal,1200,4.3,880
528,Ink Blue Straight Kurta with Palazzo,Aurelia,palazzo_set,Ink Blue,all,formal,pear,cool,ethnic_formal,2100,4.5,1382
529,Midnight Navy Kurta Palazzo Set,Max Fashion,palazzo_set,Midnight Navy,summer,formal,pear,cool,ethnic_formal,500,3.9,907
530,Camel Printed Palazzo Suit,Global Desi,palazzo_set,Camel,spring,formal,apple,warm,western_casual,2000,3.6,812
531,Camel Straight Kurta with Palazzo,Only,palazzo_set,Camel,summer,formal,apple,warm,western_casual,1900,3.5,1401
532,Gold Kurta Palazzo Set,Biba,palazzo_set,Gold,all,formal,apple,warm,western_casual,700,4.0,1606
533,Pearl Straight Kurta with Palazzo,Ethnic Motif,palazzo_set,Pearl,summer,formal,apple,neutral,western_casual,1600,3.9,2356
534,Off-White Kurta Palazzo Set,Biba,palazzo_set,Off-White,spring,formal,apple,neutral,western_casual,1300,4.3,4071
535,Ivory Printed Palazzo Suit,Libas,palazzo_set,Ivory,summer,formal,apple,neutral,western_casual,1400,3.6,4966
536,Nude Kurta Palazzo Set,Libas,palazzo_set,Nude,spring,formal,apple,neutral,western_casual,900,3.7,2440
537,Black Kurta Palazzo Set,Max Fashion,palazzo_set,Black,all,formal,apple,neutral,western_casual,2100,4.1,4056
538,Ecru Kurta Palazzo Set,Aurelia,palazzo_set,Ecru,autumn,formal,apple,neutral,western_casual,1600,4.0,3089
539,Lavender Printed Palazzo Suit,Biba,palazzo_set,Lavender,spring,formal,apple,cool,ethnic_formal,1000,4.1,2207
540,Emerald Straight Kurta with Palazzo,Biba,palazzo_set,Emerald,autumn,formal,apple,cool,ethnic_formal,800,4.6,842
541,Cobalt Straight Kurta with Palazzo,Forever 21,palazzo_set,Cobalt,autumn,formal,apple,cool,ethnic_formal,2500,4.6,1913
542,Sage Green Printed Palazzo Suit,Roadster,palazzo_set,Sage Green,summer,formal,apple,cool,ethnic_formal,1400,4.9,3939
543,Dusty Rose Printed Palazzo Suit,Max Fashion,palazzo_set,Dusty Rose,spring,formal,apple,cool,ethnic_formal,700,4.1,334
544,Sage Green Straight Kurta with Palazzo,Puma,palazzo_set,Sage Green,summer,formal,apple,cool,ethnic_formal,1900,4.9,1257
545,Brick Red Kurta Palazzo Set,Global Desi,palazzo_set,Brick Red,all,formal,rectangle,warm,western_casual,2500,3.8,1628
546,Mustard Printed Palazzo Suit,W,palazzo_set,Mustard,summer,formal,rectangle,warm,western_casual,1900,4.1,1261
547,Saffron Printed Palazzo Suit,Zara,palazzo_set,Saffron,summer,formal,rectangle,warm,western_casual,2400,4.5,598
548,Dark Grey Printed Palazzo Suit,HRX,palazzo_set,Dark Grey,summer,formal,rectangle,neutral,western_casual,1200,4.7,4307
549,Nude Straight Kurta with Palazzo,Nike,palazzo_set,Nude,summer,formal,rectangle,neutral,western_casual,1700,4.2,3487
550,Black Kurta Palazzo Set,FabIndia,palazzo_set,Black,all,formal,rectangle,neutral,western_casual,1700,4.3,870
551,Dusty Rose Printed Palazzo Suit,HRX,palazzo_set,Dusty Rose,summer,formal,rectangle,cool,ethnic_formal,2300,4.0,3416
552,Slate Grey Straight Kurta with Palazzo,Only,palazzo_set,Slate Grey,all,formal,rectangle,cool,ethnic_formal,1700,4.4,356
553,Teal Printed Palazzo Suit,FabIndia,palazzo_set,Teal,autumn,formal,rectangle,cool,ethnic_formal,1800,4.4,3340
554,Powder Blue Formal Shirt & Straight Pants,Van Heusen Woman,shirt_trouser,Powder Blue,autumn,formal,rectangle,cool,corporate,1200,4.5,2250
555,Lavender Oxford Shirt + Trousers,Max Fashion,shirt_trouser,Lavender,all,formal,rectangle,cool,corporate,3300,3.9,4077
556,Ink Blue Shirt & Trouser Set,FabIndia,shirt_trouser,Ink Blue,all,formal,rectangle,cool,corporate,3300,4.9,3679
557,Off-White Formal Shirt & Straight Pants,Aurelia,shirt_trouser,Off-White,all,formal,rectangle,neutral,corporate,1500,3.8,1781
558,Khaki Formal Shirt & Straight Pants,Only,shirt_trouser,Khaki,all,formal,rectangle,neutral,corporate,3900,4.6,4271
559,Silver Shirt & Trouser Set,Max Fashion,shirt_trouser,Silver,winter,formal,rectangle,neutral,corporate,5000,4.1,4344
560,Stone Shirt & Trouser Set,AND,shirt_trouser,Stone,all,formal,rectangle,neutral,corporate,2400,4.7,2093
561,White Shirt & Trouser Set,H&M,shirt_trouser,White,all,formal,rectangle,neutral,corporate,2400,3.9,3852
562,Lilac Formal Shirt & Straight Pants,Libas,shirt_trouser,Lilac,all,formal,apple,cool,corporate,2800,4.0,4916
563,Midnight Navy Oxford Shirt + Trousers,Puma,shirt_trouser,Midnight Navy,winter,formal,apple,cool,corporate,3700,4.0,2168
564,Turquoise Oxford Shirt + Trousers,Libas,shirt_trouser,Turquoise,all,formal,apple,cool,corporate,4000,3.6,4737
565,Charcoal Shirt & Trouser Set,Aurelia,shirt_trouser,Charcoal,winter,formal,apple,cool,corporate,2600,4.4,2254
566,Lilac Formal Shirt & Straight Pants,Libas,shirt_trouser,Lilac,all,formal,apple,cool,corporate,900,4.2,1133
567,Lilac Formal Shirt & Straight Pants,Libas,shirt_trouser,Lilac,winter,formal,apple,cool,corporate,2600,3.9,2552
568,Dark Grey Oxford Shirt + Trousers,Vero Moda,shirt_trouser,Dark Grey,all,formal,apple,neutral,corporate,2900,3.8,2525
569,Ecru Formal Shirt & Straight Pants,Mango,shirt_trouser,Ecru,all,formal,apple,neutral,corporate,1600,3.5,3115
570,Champagne Formal Shirt & Straight Pants,Max Fashion,shirt_trouser,Champagne,all,formal,apple,neutral,corporate,3200,4.5,3996
571,Black Oxford Shirt + Trousers,Aurelia,shirt_trouser,Black,autumn,formal,apple,neutral,corporate,3500,4.7,2189
572,Ecru Shirt & Trouser Set,FabIndia,shirt_trouser,Ecru,autumn,formal,apple,neutral,corporate,2800,4.8,4965
573,Lilac Formal Shirt & Straight Pants,FabIndia,shirt_trouser,Lilac,autumn,formal,hourglass,cool,corporate,1000,4.4,2471
574,Slate Grey Oxford Shirt + Trousers,Mango,shirt_trouser,Slate Grey,all,formal,hourglass,cool,corporate,1100,4.3,4736
575,Ink Blue Oxford Shirt + Trousers,Ethnic Motif,shirt_trouser,Ink Blue,winter,formal,hourglass,cool,corporate,2600,4.5,3947
576,Lilac Formal Shirt & Straight Pants,Max Fashion,shirt_trouser,Lilac,autumn,formal,hourglass,cool,corporate,2200,4.7,4623
577,Teal Shirt & Trouser Set,Only,shirt_trouser,Teal,autumn,formal,hourglass,cool,corporate,1800,4.5,4629
578,Charcoal Formal Shirt & Straight Pants,Zara,shirt_trouser,Charcoal,winter,formal,hourglass,cool,corporate,1500,3.8,1879
579,Dark Grey Oxford Shirt + Trousers,Allen Solly Woman,shirt_trouser,Dark Grey,autumn,formal,hourglass,neutral,corporate,3200,4.1,1014
580,Nude Formal Shirt & Straight Pants,Puma,shirt_trouser,Nude,all,formal,hourglass,neutral,corporate,1400,4.2,1643
581,Champagne Formal Shirt & Straight Pants,Mango,shirt_trouser,Champagne,all,formal,hourglass,neutral,corporate,3200,4.1,1285
582,Ivory Oxford Shirt + Trousers,Forever 21,shirt_trouser,Ivory,winter,formal,hourglass,neutral,corporate,4500,3.7,1527
583,Silver Oxford Shirt + Trousers,Zara,shirt_trouser,Silver,all,formal,hourglass,neutral,corporate,2200,3.9,525
584,Midnight Navy Shirt & Trouser Set,Janasya,shirt_trouser,Midnight Navy,autumn,casual,rectangle,cool,western_casual,2200,4.3,1347
585,Midnight Navy Shirt & Trouser Set,Nike,shirt_trouser,Midnight Navy,all,casual,rectangle,cool,western_casual,4400,4.4,3354
586,Powder Blue Oxford Shirt + Trousers,Libas,shirt_trouser,Powder Blue,all,casual,rectangle,cool,western_casual,1100,4.2,3106
587,Light Grey Shirt & Trouser Set,Libas,shirt_trouser,Light Grey,all,casual,rectangle,neutral,minimal,800,4.4,2088
588,Cream Oxford Shirt + Trousers,FabIndia,shirt_trouser,Cream,autumn,casual,rectangle,neutral,minimal,1600,4.0,4872
589,Off-White Shirt & Trouser Set,Biba,shirt_trouser,Off-White,winter,casual,rectangle,neutral,minimal,3200,4.8,3784
590,Powder Blue Oxford Shirt + Trousers,Only,shirt_trouser,Powder Blue,winter,casual,apple,cool,western_casual,3700,4.6,1400
591,Charcoal Shirt & Trouser Set,Van Heusen Woman,shirt_trouser,Charcoal,all,casual,apple,cool,western_casual,2600,4.5,1124
592,Emerald Formal Shirt & Straight Pants,Roadster,shirt_trouser,Emerald,all,casual,apple,cool,western_casual,2200,3.7,356
593,Powder Blue Formal Shirt & Straight Pants,Nike,shirt_trouser,Powder Blue,autumn,casual,apple,cool,western_casual,1200,4.3,442
594,Lilac Formal Shirt & Straight Pants,Libas,shirt_trouser,Lilac,all,casual,apple,cool,western_casual,1200,4.5,3464
595,Dark Grey Formal Shirt & Straight Pants,Allen Solly Woman,shirt_trouser,Dark Grey,all,casual,apple,neutral,minimal,4700,4.5,1733
596,Pearl Oxford Shirt + Trousers,Forever 21,shirt_trouser,Pearl,all,casual,apple,neutral,minimal,1600,4.4,2261
597,Stone Formal Shirt & Straight Pants,FabIndia,shirt_trouser,Stone,all,casual,apple,neutral,minimal,4200,4.7,909
598,Champagne Shirt & Trouser Set,Max Fashion,shirt_trouser,Champagne,all,casual,apple,neutral,minimal,1700,4.6,4127
599,Cream Shirt & Trouser Set,Janasya,shirt_trouser,Cream,all,casual,apple,neutral,minimal,3000,4.7,1702
600,Light Grey Oxford Shirt + Trousers,Global Desi,shirt_trouser,Light Grey,all,casual,apple,neutral,minimal,1100,4.3,1751
601,Lavender Shirt & Trouser Set,Libas,shirt_trouser,Lavender,winter,casual,hourglass,cool,western_casual,1500,4.8,4753
602,Lilac Shirt & Trouser Set,W,shirt_trouser,Lilac,all,casual,hourglass,cool,western_casual,5000,3.6,879
603,Slate Grey Oxford Shirt + Trousers,Max Fashion,shirt_trouser,Slate Grey,winter,casual,hourglass,cool,western_casual,3000,4.1,867
604,Ink Blue Shirt & Trouser Set,Max Fashion,shirt_trouser,Ink Blue,winter,casual,hourglass,cool,western_casual,3800,4.6,2611
605,Powder Blue Shirt & Trouser Set,Janasya,shirt_trouser,Powder Blue,all,casual,hourglass,cool,western_casual,1200,3.5,1183
606,Lilac Oxford Shirt + Trousers,H&M,shirt_trouser,Lilac,winter,casual,hourglass,cool,western_casual,4400,4.8,2247
607,Light Grey Shirt & Trouser Set,Anita Dongre,shirt_trouser,Light Grey,autumn,casual,hourglass,neutral,minimal,4100,4.1,3789
608,Off-White Formal Shirt & Straight Pants,Only,shirt_trouser,Off-White,all,casual,hourglass,neutral,minimal,4300,4.4,1416
609,Black Formal Shirt & Straight Pants,Ethnic Motif,shirt_trouser,Black,winter,casual,hourglass,neutral,minimal,1300,4.9,1355
610,Peach Slip Maxi Dress,Puma,maxi_dress,Peach,all,casual,pear,warm,boho,3500,4.1,3160
611,Brick Red Floral Maxi Dress,Rangmanch,maxi_dress,Brick Red,spring,casual,pear,warm,boho,4300,4.7,1120
612,Tomato Red Floral Maxi Dress,Forever 21,maxi_dress,Tomato Red,autumn,casual,pear,warm,boho,2500,3.6,2193
613,Royal Blue Wrap Maxi,Rangmanch,maxi_dress,Royal Blue,all,casual,pear,cool,western_casual,4300,4.0,4335
614,Turquoise Floral Maxi Dress,Forever 21,maxi_dress,Turquoise,all,casual,pear,cool,western_casual,3400,4.5,3997
615,Lavender Wrap Maxi,HRX,maxi_dress,Lavender,autumn,casual,pear,cool,western_casual,4400,4.9,497
616,Royal Blue Slip Maxi Dress,Only,maxi_dress,Royal Blue,summer,casual,pear,cool,western_casual,4300,3.7,4077
617,Lavender Tiered Maxi Dress,Allen Solly Woman,maxi_dress,Lavender,summer,casual,pear,cool,western_casual,900,4.2,4559
618,Dark Grey Floral Maxi Dress,Vero Moda,maxi_dress,Dark Grey,summer,casual,pear,neutral,western_casual,2500,4.6,3720
619,Black Slip Maxi Dress,Zara,maxi_dress,Black,autumn,casual,pear,neutral,western_casual,1200,4.9,195
620,Black Slip Maxi Dress,Biba,maxi_dress,Black,autumn,casual,pear,neutral,western_casual,3000,4.3,794
621,Silver Tiered Maxi Dress,Roadster,maxi_dress,Silver,all,casual,pear,neutral,western_casual,3000,3.8,3787
622,Light Grey Floral Maxi Dress,Van Heusen Woman,maxi_dress,Light Grey,spring,casual,pear,neutral,western_casual,4200,4.1,4638
623,Silver Slip Maxi Dress,Indya,maxi_dress,Silver,all,casual,pear,neutral,western_casual,3400,4.0,3757
624,Rust Floral Maxi Dress,Zara,maxi_dress,Rust,summer,casual,hourglass,warm,boho,2200,4.7,2441
625,Olive Tiered Maxi Dress,Indya,maxi_dress,Olive,all,casual,hourglass,warm,boho,1100,3.6,1394
626,Tomato Red Slip Maxi Dress,Anita Dongre,maxi_dress,Tomato Red,summer,casual,hourglass,warm,boho,1700,4.4,1586
627,Ink Blue Wrap Maxi,Vero Moda,maxi_dress,Ink Blue,autumn,casual,hourglass,cool,western_casual,4100,4.6,2818
628,Cobalt Floral Maxi Dress,Aurelia,maxi_dress,Cobalt,autumn,casual,hourglass,cool,western_casual,4100,4.4,1059
629,Charcoal Slip Maxi Dress,Rangmanch,maxi_dress,Charcoal,autumn,casual,hourglass,cool,western_casual,3100,4.8,1152
630,White Floral Maxi Dress,HRX,maxi_dress,White,all,casual,hourglass,neutral,western_casual,2500,4.7,4006
631,Champagne Wrap Maxi,Ethnic Motif,maxi_dress,Champagne,summer,casual,hourglass,neutral,western_casual,4000,3.7,3223
632,Ecru Tiered Maxi Dress,Roadster,maxi_dress,Ecru,all,casual,hourglass,neutral,western_casual,4300,4.0,2083
633,Off-White Tiered Maxi Dress,Max Fashion,maxi_dress,Off-White,autumn,casual,hourglass,neutral,western_casual,2600,4.6,1181
634,Dark Grey Tiered Maxi Dress,Indya,maxi_dress,Dark Grey,all,casual,hourglass,neutral,western_casual,2900,4.7,4584
635,Ecru Wrap Maxi,AND,maxi_dress,Ecru,summer,casual,hourglass,neutral,western_casual,3300,4.5,2878
636,Warm Beige Tiered Maxi Dress,Indya,maxi_dress,Warm Beige,summer,casual,rectangle,warm,boho,1200,4.6,4656
637,Tomato Red Slip Maxi Dress,Rangmanch,maxi_dress,Tomato Red,all,casual,rectangle,warm,boho,3800,4.8,4423
638,Burnt Orange Floral Maxi Dress,Roadster,maxi_dress,Burnt Orange,autumn,casual,rectangle,warm,boho,1100,3.5,1240
639,Coral Wrap Maxi,Allen Solly Woman,maxi_dress,Coral,summer,casual,rectangle,warm,boho,3800,4.6,2397
640,Teal Tiered Maxi Dress,AND,maxi_dress,Teal,summer,casual,rectangle,cool,western_casual,3800,4.3,2988
641,Ink Blue Floral Maxi Dress,Nike,maxi_dress,Ink Blue,autumn,casual,rectangle,cool,western_casual,4300,4.4,4652
642,Ink Blue Slip Maxi Dress,Van Heusen Woman,maxi_dress,Ink Blue,summer,casual,rectangle,cool,western_casual,2800,4.6,2406
643,Turquoise Slip Maxi Dress,Mango,maxi_dress,Turquoise,summer,casual,rectangle,cool,western_casual,2400,4.8,2611
644,Sage Green Floral Maxi Dress,Ethnic Motif,maxi_dress,Sage Green,summer,casual,rectangle,cool,western_casual,1700,3.8,3679
645,Ecru Wrap Maxi,Janasya,maxi_dress,Ecru,spring,casual,rectangle,neutral,western_casual,3700,4.9,2459
646,Nude Floral Maxi Dress,Global Desi,maxi_dress,Nude,summer,casual,rectangle,neutral,western_casual,1400,4.5,1027
647,Dark Grey Slip Maxi Dress,Allen Solly Woman,maxi_dress,Dark Grey,summer,casual,rectangle,neutral,western_casual,3000,3.9,1368
648,Stone Floral Maxi Dress,Zara,maxi_dress,Stone,spring,casual,rectangle,neutral,western_casual,2600,4.5,1318
649,Mustard Floral Maxi Dress,Janasya,maxi_dress,Mustard,spring,party,pear,warm,glam,3300,4.4,2517
650,Tomato Red Tiered Maxi Dress,W,maxi_dress,Tomato Red,all,party,pear,warm,glam,3900,4.5,4354
651,Terracotta Floral Maxi Dress,Roadster,maxi_dress,Terracotta,summer,party,pear,warm,glam,1400,4.1,4449
652,Cobalt Wrap Maxi,AND,maxi_dress,Cobalt,spring,party,pear,cool,chic,3400,4.0,3005
653,Slate Grey Slip Maxi Dress,HRX,maxi_dress,Slate Grey,summer,party,pear,cool,chic,4100,4.6,122
654,Cobalt Slip Maxi Dress,Van Heusen Woman,maxi_dress,Cobalt,spring,party,pear,cool,chic,4400,4.4,2047
655,Royal Blue Slip Maxi Dress,Anita Dongre,maxi_dress,Royal Blue,spring,party,pear,cool,chic,2300,3.9,2366
656,Royal Blue Tiered Maxi Dress,Roadster,maxi_dress,Royal Blue,all,party,pear,cool,chic,4000,4.2,4037
657,Royal Blue Wrap Maxi,Zara,maxi_dress,Royal Blue,spring,party,pear,cool,chic,2800,3.6,836
658,Silver Floral Maxi Dress,Aurelia,maxi_dress,Silver,all,party,pear,neutral,western_casual,1000,3.8,1796
659,Khaki Floral Maxi Dress,AND,maxi_dress,Khaki,autumn,party,pear,neutral,western_casual,2900,4.7,3615
660,Ecru Wrap Maxi,Libas,maxi_dress,Ecru,summer,party,pear,neutral,western_casual,2600,4.5,360
661,Black Floral Maxi Dress,Global Desi,maxi_dress,Black,summer,party,pear,neutral,western_casual,4000,3.9,627
662,Burnt Orange Slip Maxi Dress,Vero Moda,maxi_dress,Burnt Orange,autumn,party,hourglass,warm,glam,3300,4.1,2641
663,Coral Floral Maxi Dress,HRX,maxi_dress,Coral,autumn,party,hourglass,warm,glam,700,4.4,568
664,Brick Red Floral Maxi Dress,Indya,maxi_dress,Brick Red,all,party,hourglass,warm,glam,4200,3.6,4169
665,Rust Tiered Maxi Dress,Nike,maxi_dress,Rust,spring,party,hourglass,warm,glam,1100,3.9,3635
666,Powder Blue Slip Maxi Dress,Global Desi,maxi_dress,Powder Blue,summer,party,hourglass,cool,chic,2900,3.8,3253
667,Charcoal Tiered Maxi Dress,Aurelia,maxi_dress,Charcoal,all,party,hourglass,cool,chic,1300,3.9,3106
668,Royal Blue Wrap Maxi,Anita Dongre,maxi_dress,Royal Blue,all,party,hourglass,cool,chic,900,3.5,4937
669,Powder Blue Floral Maxi Dress,Max Fashion,maxi_dress,Powder Blue,all,party,hourglass,cool,chic,1600,4.5,2866
670,Emerald Wrap Maxi,Global Desi,maxi_dress,Emerald,autumn,party,hourglass,cool,chic,1500,3.8,2120
671,Emerald Wrap Maxi,Rangmanch,maxi_dress,Emerald,summer,party,hourglass,cool,chic,4000,4.3,495
672,Ecru Floral Maxi Dress,Max Fashion,maxi_dress,Ecru,all,party,hourglass,neutral,western_casual,3500,3.6,854
673,Cream Slip Maxi Dress,Zara,maxi_dress,Cream,all,party,hourglass,neutral,western_casual,2200,3.7,1971
674,Black Floral Maxi Dress,AND,maxi_dress,Black,spring,party,hourglass,neutral,western_casual,2000,4.2,2739
675,Stone Wrap Maxi,Puma,maxi_dress,Stone,spring,party,hourglass,neutral,western_casual,3000,4.0,2641
676,Dark Grey Floral Maxi Dress,Zara,maxi_dress,Dark Grey,summer,party,hourglass,neutral,western_casual,1700,4.6,3622
677,Off-White Wrap Maxi,Rangmanch,maxi_dress,Off-White,spring,party,hourglass,neutral,western_casual,3700,4.0,3981
678,Tomato Red Tiered Maxi Dress,Only,maxi_dress,Tomato Red,spring,party,rectangle,warm,glam,3000,3.7,721
679,Saffron Wrap Maxi,HRX,maxi_dress,Saffron,spring,party,rectangle,warm,glam,1500,3.9,676
680,Warm Beige Floral Maxi Dress,Roadster,maxi_dress,Warm Beige,summer,party,rectangle,warm,glam,3300,3.5,4816
681,Gold Wrap Maxi,Biba,maxi_dress,Gold,autumn,party,rectangle,warm,glam,3000,3.9,4471
682,Tomato Red Tiered Maxi Dress,Mango,maxi_dress,Tomato Red,summer,party,rectangle,warm,glam,1600,4.7,4880
683,Warm Beige Wrap Maxi,Vero Moda,maxi_dress,Warm Beige,spring,party,rectangle,warm,glam,2800,4.2,3300
684,Sage Green Wrap Maxi,Nike,maxi_dress,Sage Green,summer,party,rectangle,cool,chic,3500,3.7,4261
685,Teal Wrap Maxi,Global Desi,maxi_dress,Teal,autumn,party,rectangle,cool,chic,3000,4.8,1247
686,Turquoise Tiered Maxi Dress,Biba,maxi_dress,Turquoise,autumn,party,rectangle,cool,chic,1600,4.6,1948
687,Cobalt Tiered Maxi Dress,Van Heusen Woman,maxi_dress,Cobalt,spring,party,rectangle,cool,chic,900,4.4,4292
688,Charcoal Slip Maxi Dress,Only,maxi_dress,Charcoal,spring,party,rectangle,cool,chic,4500,4.1,430
689,Ecru Floral Maxi Dress,Indya,maxi_dress,Ecru,spring,party,rectangle,neutral,western_casual,2800,4.4,2290
690,Khaki Wrap Maxi,Mango,maxi_dress,Khaki,spring,party,rectangle,neutral,western_casual,3400,4.0,4864
691,Ecru Tiered Maxi Dress,Mango,maxi_dress,Ecru,summer,party,rectangle,neutral,western_casual,4400,3.8,3374
